Релятивистская поправка	Время, с	Вклад, м
0	0
765374480,8.26291
765374490,8.24998
765374500,8.23748
765374510,8.22542
765374520,8.2138
765374530,8.20263
765374540,8.19189
765374550,8.18159
765374560,8.17174
765374570,8.16233
765374580,8.15336
765374590,8.14484
765374600,8.13677
765374610,8.12914
765374620,8.12195
765374630,8.11521
765374640,8.10892
765374650,8.10308
765374660,8.09769
765374670,8.09274
765374680,8.08825
765374690,8.0842
765374700,8.08061
765374710,8.07747
765374720,8.07477
765374730,8.07253
765374740,8.07074
765374750,8.0694
765374760,8.06852
765374770,8.06809
765374780,8.06811
765374790,8.06859
765374990,11.4566
765375000,11.4326
765375010,11.4095
765375020,5.58275
765375030,5.57777
765375040,5.57306
765375050,5.56864
765375060,5.56449
765375070,5.56061
765375080,6.22535
765375090,6.22768
765375100,6.23016
765375110,6.23278
765375120,6.23554
765375130,6.23843
765375140,6.24144
765375150,6.24459
765375160,6.24785
765375170,13.3502
765375180,13.3997
765375190,13.4496
765375200,13.3298
765375210,13.3733
765375220,13.4171
765375230,13.4611
765375240,13.5052
765375250,13.5495
765375260,13.594
765375270,13.6386
765375280,13.9013
765375290,13.9692
765375300,14.0378
765375310,14.1071
765375320,14.1771
765375330,14.2477
765375340,14.3191
765375350,14.391
765375890,2.73377
765375900,2.73311
765375910,2.73291
765375920,2.73318
765375930,2.73393
765375940,2.73516
765375950,2.73688
765375960,2.73909
765376820,13.5461
765376850,13.6379
765376860,14.0321
765376870,14.1119
765376880,14.1931
765376890,14.2755
765376900,14.3593
765376910,14.4444
765376920,14.5308
765376930,14.6184
765376940,14.7074
765376950,14.7976
765376960,14.8891
765376970,14.9818
765376980,15.0757
765376990,15.1709
765377000,16.7879
765377010,16.9065
765377020,17.0265
765377030,17.1476
765377040,17.2701
765377050,17.3937
765377060,17.5185
765377070,17.6444
765377080,17.7715
765377090,17.8998
765377100,18.0291
765377110,18.1594
765377120,18.2908
765377130,18.4232
765377140,18.5566
765377150,18.691
765377160,18.8262
765377170,18.9624
765377180,19.0994
765377190,19.2373
765377390,10.1196
765377400,10.1289
765377410,10.1382
765377420,10.1477
765377430,10.1573
765377440,10.1671
765377450,10.177
765377460,10.1871
765377470,10.1974
765377480,10.2078
765377490,10.2185
765377500,10.2293
765377510,10.2403
765377520,10.2515
765377530,10.2629
765377540,10.2746
765377550,10.2865
765377560,10.2986
765377570,10.3109
765377580,10.3236
765377590,10.3364
765377600,10.3495
765377610,10.3629
765377620,10.3766
765377630,10.3906
765377640,10.4048
765377650,10.4194
765377660,11.6375
765377670,11.6827
765377680,11.7284
765377690,11.7746
765377700,11.8213
765377710,11.8685
765377720,11.9161
765377730,11.9642
765377740,12.0128
765377750,12.0618
765377760,7.19321
765377770,7.23053
765377780,7.26899
765377790,7.3086
765377800,7.34936
765377810,7.39126
765379690,2.96913
765379700,2.98496
765379710,3.00114
765379720,3.0177
765379730,3.03463
765379740,3.05194
765379750,3.06963
765379760,3.08772
765379770,3.10622
765380290,5.60953
765380300,5.64338
765380310,5.67761
765380320,5.71221
765380330,5.74718
765380340,5.78251
765380350,5.8182
765380360,5.85424
765380370,5.89063
765380380,5.92736
765380700,19.1312
765380710,19.0909
765380720,19.0519
765380730,19.014
765380740,12.0553
765380750,12.0588
765380760,13.6001
765380770,13.6021
765380780,13.6048
765380790,13.608
765380800,13.6118
765380810,13.6162
765380820,13.6212
765380830,13.6267
765380840,13.6328
765380850,13.6395
765380860,13.6467
765381470,2.74137
765381480,2.74784
765381490,2.75449
765381500,2.76131
765381510,3.21687
765381520,3.22653
765381530,3.23627
765381540,3.2461
765381550,3.25603
765381560,3.26604
765381570,3.27615
765381580,5.07333
765381590,11.7673
765381600,11.771
765381610,11.7751
765381620,11.7796
765381630,11.7844
765381640,11.7897
765381650,11.7953
765381660,11.8013
765381670,11.8077
765381930,11.5883
765381940,11.5824
765381950,11.5771
765381960,11.5725
765381970,11.5685
765381980,11.5651
765381990,11.5624
765382000,11.5603
765382010,11.5588
765382020,11.3603
765382030,11.359
765382040,11.3583
765382050,11.3582
765382060,6.78458
765382070,6.7675
765382080,6.75081
765382090,6.73449
765382100,6.71857
765382110,11.6212
765382120,11.5975
765382130,11.5743
765382140,11.5516
765382150,11.5293
765382160,11.5076
765382170,11.4864
765382180,11.4657
765382190,11.4455
765382200,11.4257
765382210,11.4065
765382220,11.3879
765382230,11.3697
765382240,11.352
765382250,11.3349
765382260,11.3183
765382270,11.3022
765382280,11.2866
765382290,11.2716
765382300,11.257
765382310,11.2431
765382320,11.2296
765382330,11.2167
765382340,11.2043
765382350,11.1925
765382360,9.80379
765382370,10.0619
765382380,9.78216
765382390,10.0497
765382400,10.0442
765382410,10.0391
765382420,10.0344
765382430,10.0301
765382440,10.0263
765382450,10.0228
765382460,10.0197
765382470,10.017
765382580,7.65283
765382590,7.64324
765382600,7.63376
765382610,7.77093
765382620,7.7581
765382630,7.8226
765382640,6.99524
765382650,6.98214
765382660,6.96921
765382670,6.95644
765382680,6.94382
765382690,9.95569
765382700,9.93868
765382710,9.92212
765382720,9.90602
765382730,9.89038
765382740,9.87521
765382750,9.8605
765383360,3.77741
765383370,3.80239
765383380,3.82826
765383390,3.85502
765383400,3.88267
765383410,3.91123
765383420,3.9407
765383430,3.97108
765383440,4.00239
765383450,4.03463
765383460,4.065
765383470,4.09882
765383480,4.13359
765383490,4.16933
765383500,4.20604
765383510,4.24372
765383520,4.28238
765383530,4.32202
765383540,4.36264
765383550,4.40425
765383560,4.44685
765383570,4.49044
765383580,4.53502
765383590,4.24932
765383600,4.27847
765383610,4.30811
765383620,4.33825
765383630,4.36887
765383640,4.39997
765383650,4.43157
765383840,13.3859
765383850,13.3845
765383860,13.3833
765383870,13.3824
765383880,13.3818
765383890,13.3814
765383900,13.3812
765383910,13.3813
765383920,13.3815
765384230,12.6669
765384240,12.6477
765384250,12.6283
765384260,6.46672
765384270,6.47584
765384280,6.48497
765384290,6.49412
765384300,6.5033
765384310,6.73666
765384320,6.74731
765384330,6.33131
765384340,6.33359
765384350,6.33597
765384360,6.33845
765384370,6.34106
765384380,6.34378
765384390,6.34665
765384400,6.34965
765384410,6.35281
765384420,6.35613
765384430,6.35962
765384440,6.44283
765384450,6.44986
765384460,6.45708
765384470,6.46451
765384480,6.47215
765384490,6.48002
765384500,6.48812
765384510,6.49647
765384520,6.50508
765385120,18.3825
765385130,18.3909
765385140,18.4007
765385150,18.4118
765385160,18.4243
765385170,18.4381
765385270,12.9982
765385280,12.9802
765385290,12.9632
765385300,12.947
765385310,12.9316
765385320,12.9171
765385330,12.9035
765385340,12.8907
765385350,12.8787
765385360,12.8675
765385370,12.857
765385380,12.8474
765385730,36.1264
765385740,35.9863
765385750,35.8496
765385760,35.7163
765385770,35.5865
765385780,35.46
765385790,35.3369
765385800,35.2171
765385810,35.1006
765385820,34.9874
765385830,34.8775
765385840,34.7708
765385850,34.6673
765385860,34.5669
765385870,34.4698
765385880,34.3757
765385890,34.2848
765385900,34.197
765385910,34.1122
765385920,34.0304
765385930,33.9517
765385940,33.8759
765385950,33.8031
765385960,39.4358
765385970,39.41
765385980,39.3872
765385990,39.3676
765386000,30.5582
765386010,30.5819
765386020,30.6076
765386030,30.6354
765386040,30.6651
765386050,30.6969
765386060,36.7073
765386070,36.8042
765386080,36.9034
765386090,37.0051
765386100,37.1091
765386110,23.9275
765386120,23.9722
765386130,24.0186
765386140,24.0668
765386150,24.1169
765386160,24.1688
765386170,24.2226
765386180,24.2782
765386400,12.7296
765386410,12.6515
765386420,12.5746
765386430,12.4989
765386440,12.4244
765386450,12.3511
765386460,12.2791
765386470,12.2083
765386480,12.1388
765386490,12.0706
765386500,12.0039
765386510,11.9385
765386520,11.8745
765386530,11.812
765387280,12.9313
765387290,12.9586
765387300,12.9866
765387310,13.0154
765387320,13.0451
765387330,13.0754
765387340,13.1066
765387350,13.1386
765387360,13.1714
765387370,13.2051
765387380,13.2395
765387390,13.2748
765387400,13.3109
765387410,13.3479
765387420,13.3858
765387430,13.4245
765387440,13.464
765387450,13.5045
765387460,13.5458
765387470,13.588
765387480,13.6312
765387490,13.6752
765387500,13.7201
765387510,13.766
765387520,13.8128
765387530,13.8606
765387540,13.9093
765387550,13.959
765387560,14.0096
765387570,11.6996
765387580,11.74
765387590,11.7812
765387600,11.8232
765387610,11.8661
765388100,11.1513
765388110,9.05556
765388120,9.07606
765388130,9.09724
765388140,9.1191
765388150,9.14168
765388160,9.16499
765388170,9.18905
765388180,9.21388
765388190,9.23951
765388200,11.5968
765388210,11.6193
765388220,11.6427
765388230,11.6672
765388240,11.6927
765388250,11.7192
765388260,11.7468
765388270,11.7754
765388280,11.8051
765388290,11.8359
765388300,11.8679
765388310,11.9009
765388320,11.935
765388330,11.9703
765388340,12.0067
765388350,12.0442
765388360,9.88661
765388370,9.89036
765388380,7.50255
765388390,7.48995
765388400,7.47778
765390230,4.34916
765390470,4.4663
765390490,4.49983
765390500,4.52544
765390510,4.55685
765390520,4.59396
765390530,4.63663
765390540,4.68472
765390550,4.7381
765390560,4.79659
765390590,4.1365
765390600,4.13244
765390610,4.13016
765390620,4.57315
765390630,4.55311
765390640,4.53446
765390650,4.51721
765390660,4.50137
765390670,4.48695
765390680,4.47396
765390690,4.46242
765390700,4.45234
765390710,4.44372
765390720,4.43659
765390730,4.43093
765390740,4.42677
765390750,4.42411
765390760,4.42296
765390770,4.42332
765390780,4.4252
765390790,4.42861
765390800,4.43354
765390810,4.44
765390820,4.44798
765390830,4.4575
765390840,4.46855
765390850,4.48113
765390860,4.49523
765390870,4.51085
765390880,4.96104
765390890,4.97208
765390900,4.98456
765390910,4.9985
765390920,5.01388
765390930,5.03071
765390940,5.04899
765390950,5.06871
765390960,5.08986
765390970,7.18221
765390980,7.68274
765390990,7.67762
765391000,7.67388
765391010,7.67151
765391020,7.67052
765391080,9.09439
765391090,9.07631
765391100,9.05874
765391110,9.04171
765391120,9.02522
765391130,9.00927
765391140,8.99389
765391150,8.97907
765391160,8.96482
765391170,8.95115
765391180,8.93808
765391190,8.92561
765391200,8.91374
765391210,8.9025
765391220,8.89188
765391230,8.8819
765391240,8.87257
765391250,8.86389
765391260,8.85588
765391270,8.84855
765391280,8.8419
765391290,8.83595
765391300,8.8307
765391310,23.3643
765391320,23.3737
765391330,23.3756
765391340,23.383
765391350,23.3909
765391360,23.3992
765391370,23.408
765391380,23.4171
765391390,23.4265
765391400,23.4363
765391410,23.4464
765391420,13.0906
765391430,13.3045
765391440,13.2761
765391450,13.2483
765391720,21.0251
765391730,21.0121
765391740,20.9999
765391750,20.9884
765391760,20.9778
765391770,20.9679
765391780,20.9588
765391790,20.9505
765391800,20.9428
765391810,20.9359
765391820,20.9296
765391830,20.924
765391840,20.9191
765391850,20.9148
765391860,20.9111
765391870,20.908
765391880,20.9055
765391890,20.9036
765391900,20.9022
765391910,20.9013
765391920,20.9009
765391930,20.901
765391940,20.9015
765391950,20.9024
765391960,20.9038
765391970,7.33282
765391980,7.31405
765391990,7.29552
765392000,7.27723
765392010,7.2592
765392020,7.24141
765392030,7.22388
765392040,4.19972
765392050,4.20844
765392060,4.2173
765392070,4.2263
765392570,5.90548
765392620,8.76278
765392630,8.79599
765392640,8.82913
765392650,8.86221
765392660,8.89525
765392670,8.92825
765392680,9.46847
765392690,9.49423
765392700,9.52006
765392710,9.54595
765392720,9.57193
765392730,9.59799
765392740,9.62413
765392750,9.65037
765392760,9.67671
765392770,9.70315
765392870,10.6825
765392880,10.6574
765392890,10.633
765392900,10.6092
765392910,10.6084
765393920,8.43049
765393930,8.43672
765393940,8.4434
765393950,8.45054
765393960,8.45814
765393970,8.46621
765393980,8.47474
765393990,8.48375
765394000,8.49323
765394010,8.50318
765394020,8.51361
765394060,8.56019
765394070,8.57306
765394080,8.58642
765394090,8.60028
765394100,8.61463
765394110,8.62949
765394430,12.9231
765394440,12.9047
765394450,12.8868
765394460,12.8693
765394470,12.8521
765394480,12.8354
765394490,12.8191
765394500,12.8031
765394510,12.7876
765394520,12.7725
765394530,12.7577
765394540,12.7434
765394670,14.9154
765394680,14.9169
765394690,14.9189
765394700,14.9216
765394710,14.9248
765394720,14.9286
765394730,14.933
765394740,14.938
765394750,14.9435
765394760,14.9496
765394770,14.9564
765394780,14.9637
765394790,14.9715
765394800,14.98
765394810,14.989
765394820,14.9986
765394830,15.0088
765394840,14.435
765394850,14.4757
765394860,14.517
765394870,14.5591
765394880,14.6018
765394890,14.6452
765394900,15.0959
765394910,15.1106
765394920,15.1258
765394930,15.1416
765394940,15.1579
765394950,15.1748
765395910,3.23694
765395920,3.22669
765395930,3.21658
765395940,3.20662
765395950,3.19681
765395960,3.18715
765395970,3.17764
765395980,3.16827
765395990,3.15906
765396000,3.15
765396010,3.14109
765396020,3.13233
765396030,3.12372
765396040,3.11527
765396050,3.10696
765396060,3.09881
765396070,3.09082
765396080,6.32282
765396090,6.31875
765396100,6.31503
765396110,7.00921
765396120,6.99472
765396130,6.98071
765396140,6.96716
765396150,6.9541
765396160,6.94152
765396170,6.29896
765396180,6.2981
765396190,6.90667
765396200,6.89603
765396210,6.88588
765396220,6.29828
765396230,6.86705
765396240,6.85838
765396250,6.3022
765396260,6.30423
765396270,6.83533
765396280,6.30936
765396290,6.31246
765396300,6.31592
765396310,6.31973
765396320,6.80678
765396330,6.80254
765396340,6.7988
765396350,6.79554
765396360,6.79276
765396370,6.79046
765396380,6.78865
765396390,6.36282
765396400,6.36976
765396410,6.37703
765396420,12.1189
765396430,12.1156
765396440,12.1127
765396450,12.1104
765396460,12.1085
765396470,12.1072
765396480,12.1065
765396490,12.1062
765396500,12.1066
765396510,12.1074
765396520,12.1088
765396530,12.1108
765396540,12.5887
765396550,12.5981
765396560,12.608
765396570,12.6186
765396580,12.6297
765396590,12.6415
765396600,12.6539
765396610,12.6669
765396620,15.0458
765396630,15.0474
765396640,15.0501
765396650,15.0539
765396660,15.0589
765396670,15.065
765396680,15.0723
765396690,15.0806
765396700,15.0901
765396710,12.4931
765396720,12.5439
765396730,12.5958
765396740,12.6489
765396750,12.7032
765396760,12.7587
765396770,12.8153
765396780,12.873
765396790,12.9319
765396800,12.992
765396810,13.0531
765396820,13.1154
765396830,13.1789
765398850,2.53065
765398860,2.52855
765398870,2.52659
765398880,2.52476
765398890,2.52306
765398900,2.52149
765398910,2.52004
765398920,2.51872
765398930,2.51751
765398940,2.51641
765398950,2.51543
765398960,2.51455
765398970,2.51378
765399050,4.13485
765399060,4.12922
765399280,6.77837
765399290,6.6968
765399300,6.61625
765399310,6.53671
765399320,6.45818
765399330,6.38066
765399340,6.30415
765399350,6.22866
765399360,6.15417
765399370,6.0807
765399380,6.00823
765399390,5.93678
765399400,5.86632
765399410,5.79688
765399420,5.22436
765399430,5.19106
765399440,5.15822
765399450,5.12586
765399460,5.09396
765399470,5.06252
765399480,5.03154
765399490,5.00102
765399500,4.97096
765399510,4.94134
765399520,4.91216
765399530,4.88343
765399540,4.85513
765399550,4.82726
765399560,4.79982
765399570,4.77279
765399580,4.74618
765399590,4.87771
765399600,4.85443
765399610,4.83184
765399620,4.80938
765399630,4.78733
765399640,4.27289
765399650,4.26326
765399660,4.25412
765399670,4.24547
765400330,8.25252
765400340,8.2952
765400350,8.33834
765400360,8.38191
765400370,8.42592
765400470,3.68853
765400480,3.74077
765400490,3.79517
765400500,3.85165
765400510,3.91016
765400520,3.9706
765400530,4.03292
765400540,4.09706
765400550,4.16294
765400560,4.2305
765400570,4.2997
765400580,4.37046
765400590,4.44274
765400600,4.51648
765400720,5.50083
765400730,5.59017
765400740,5.68051
765400750,5.77184
765400760,5.86415
765400770,5.95741
765400780,6.05162
765400790,6.14676
765400800,6.24282
765400810,6.33979
765401190,7.4905
765401200,7.51341
765401210,7.53668
765401220,7.5603
765401230,7.58427
765401240,7.6086
765401250,7.63329
765401260,7.65834
765401270,7.68375
765401360,3.87747
765401370,3.87099
765401380,3.86462
765401390,3.85835
765401400,3.85217
765401410,3.84609
765401420,3.8401
765401430,3.83421
765401900,5.85758
765401910,5.85437
765401920,5.85142
765401930,5.84873
765401940,5.8463
765401950,5.84413
765401960,5.84222
765401970,5.84058
765401980,5.83921
765401990,5.83811
765402000,5.83729
765402010,5.83674
765402020,5.83648
765402030,5.83649
765402040,5.83679
765402050,5.83737
765402060,5.83824
765402070,5.8394
765402080,5.84085
765402090,5.84258
765402100,5.84462
765402110,5.84694
765402120,5.84956
765402130,5.85248
765402140,5.85569
765402150,5.47344
765402160,5.47487
765402170,5.47656
765402180,11.599
765402190,11.6073
765402200,11.6162
765402210,11.6259
765402220,11.6362
765402230,11.6473
765403010,11.9929
765403020,11.9897
765403030,11.987
765403040,11.9849
765403050,11.9834
765403060,11.9825
765403070,11.9821
765403080,11.9824
765403090,11.9832
765403100,5.31055
765403110,5.30641
765403120,5.30243
765403130,5.2986
765403140,5.29493
765403150,5.29141
765403160,5.28806
765403170,5.28486
765403180,5.28182
765403190,5.27894
765403200,10.4705
765403210,10.4369
765403220,10.4039
765403230,10.3715
765403240,10.3396
765403250,10.3084
765403260,10.2777
765403270,10.2475
765403280,10.2178
765403290,10.1886
765403300,10.1599
765403310,10.1317
765403320,10.1039
765403330,10.0766
765403340,10.3891
765403350,10.3688
765403620,12.1121
765403640,11.2279
765403650,11.3016
765403660,11.3743
765403670,11.446
765403680,11.5168
765403690,11.5867
765403700,11.6556
765403710,11.7237
765403720,11.7909
765403730,11.8572
765403740,11.9226
765403750,11.9873
765403760,12.0512
765403770,12.1143
765403780,12.1766
765403790,12.2382
765403800,12.299
765403810,12.3592
765403820,12.4187
765403830,12.4776
765403840,12.5358
765403850,12.5934
765403860,12.6505
765403870,12.7069
765403880,12.7628
765403890,12.8182
765403900,12.8731
765403910,8.54483
765403920,8.59352
765403930,8.64183
765403940,8.6898
765403950,8.73741
765403960,8.78469
765403970,8.83165
765403980,8.87828
765403990,8.92461
765404000,8.97065
765404010,9.0164
765404020,9.06189
765404030,8.96117
765404040,9.00726
765404050,9.0531
765404060,9.09871
765404070,9.1441
765404080,9.1893
765404090,9.23431
765404100,9.27914
765404110,9.32382
765405190,12.6842
765405200,12.7066
765405210,12.7299
765405220,12.7541
765405230,12.779
765405240,12.8048
765405250,12.8313
765405260,12.8586
765405270,12.8866
765405280,12.9154
765405290,12.9448
765405300,12.9749
765405310,13.0057
765405320,13.0371
765405330,13.0691
765405340,13.1017
765405350,13.1349
765405360,13.1686
765405370,13.2029
765405400,16.3705
765405410,16.4631
765405880,20.0447
765405890,20.0078
765405900,19.9719
765405910,19.9369
765405920,19.9028
765405930,19.8698
765405940,19.8377
765407320,11.2696
765407330,11.2841
765407340,11.2992
765407350,11.3147
765407360,11.3308
765407370,11.3474
765407380,11.3646
765407390,11.3823
765407400,11.4005
765407410,11.4193
765407420,11.4387
765407430,11.4586
765407440,11.7112
765407450,11.7297
765407460,11.7485
765407470,11.7675
765407480,11.7869
765407490,11.8065
765407500,11.8264
765407510,11.8466
765407520,11.867
765407530,11.8878
765407540,11.9088
765407550,11.93
765407560,11.9515
765407570,11.9733
765407580,11.9953
765407590,12.0176
765407600,12.0401
765407610,12.0629
765407620,12.0859
765407630,12.1092
765407640,12.1326
765407650,12.1563
765407660,12.1803
765407670,9.69355
765407680,9.70368
765407690,9.71406
765407700,9.72467
765407710,9.73551
765407720,9.74658
765407730,9.75786
765407740,9.76936
765407750,9.78107
765407760,9.79299
765407770,9.80511
765407780,9.81742
765407790,9.82992
765407800,9.84261
765407810,9.85547
765407820,9.86851
765407990,10.0652
765408000,10.4588
765408010,10.4533
765408020,10.4487
765408030,10.4449
765408040,10.442
765408050,10.4399
765408060,10.4387
765408070,10.4384
765408080,10.4389
765408090,10.4403
765408100,10.4426
765408110,10.4458
765408120,10.4499
765408130,10.4549
765408140,10.4609
765408150,10.4677
765408160,10.4754
765408170,10.4841
765408180,10.4937
765408190,12.2706
765408200,12.2802
765408210,12.2908
765408220,12.4259
765408230,12.4427
765408240,12.4606
765408250,12.4794
765408620,8.82024
765408650,8.88
765408660,8.90085
765408670,8.92216
765408680,8.94394
765408690,8.96618
765408700,8.98888
765408710,9.01204
765408720,9.03566
765408730,9.05974
765408740,9.08428
765408750,9.10928
765408760,9.13473
765408770,9.16064
765408780,9.187
765408790,9.21381
765408800,9.24107
765408810,9.26879
765408820,9.29695
765408830,9.32555
765408840,9.3546
765408850,9.38409
765408860,9.41402
765408870,9.44439
765408880,9.47519
765408890,9.50642
765408900,9.53809
765408910,9.57018
765408920,9.6027
765408930,9.63564
765408940,9.66899
765408950,9.70277
765408960,9.73695
765408970,9.77154
765408980,9.80654
765408990,9.84194
765409000,9.87774
765409010,9.91393
765409020,12.2927
765409030,12.3657
765409040,10.5743
765409050,10.6366
765409060,10.6999
765409070,3.90408
765409080,3.86378
765409090,3.82306
765409100,3.78194
765409110,2.43962
765409120,2.39068
765409130,2.34178
765409140,2.29298
765409150,2.24433
765409160,2.19591
765409170,2.14779
765409180,2.10005
765409190,2.05278
765409200,2.00607
765409210,3.30769
765409220,3.26324
765409230,3.21872
765409240,3.17416
765409250,3.12961
765409260,1.74454
765409270,1.70541
765409280,1.668
765409290,1.63251
765409300,1.59915
765409310,1.56812
765409320,1.53963
765409330,1.51392
765409340,1.49118
765409350,1.47163
765409360,3.41565
765409370,3.33525
765409380,3.25571
765409390,3.17711
765409400,3.09953
765409410,3.02306
765409420,2.9478
765409430,2.87383
765409440,2.80126
765409450,2.73021
765409460,2.66079
765409470,2.59312
765409480,2.52733
765409490,2.46357
765409500,2.40198
765409510,2.34271
765409520,2.28593
765409530,2.2318
765409540,2.1805
765409550,4.37856
765409560,4.39224
765409570,4.40604
765409580,6.05626
765409590,6.05503
765409600,6.05397
765409610,6.05309
765409620,6.05237
765409630,6.05182
765409650,6.05124
765409660,6.0512
765410030,11.5371
765410040,11.5091
765410050,11.4822
765410060,11.4565
765410070,11.4319
765410080,11.4084
765410090,11.386
765410100,11.3648
765410110,11.3446
765410120,11.3255
765410130,11.3076
765410140,11.2907
765410150,11.2748
765410160,11.26
765410170,11.2463
765410180,11.2336
765410190,11.2219
765410200,11.2112
765410210,11.2016
765410220,11.1929
765410410,13.2066
765410420,13.1474
765410430,13.0884
765410440,13.0299
765410450,12.9716
765410460,12.9137
765410470,12.8561
765410480,12.7988
765410490,12.7419
765410500,12.6853
765410510,12.629
765410520,12.573
765410890,13.1372
765410900,13.1354
765410910,13.1339
765410920,13.1326
765410930,13.1317
765410940,11.8024
765410950,13.4274
765410960,13.4055
765411300,16.5186
765411310,16.5037
765411320,16.4896
765411330,16.4763
765411340,16.4636
765411350,16.4517
765411360,16.4406
765411370,16.4301
765411380,16.4204
765411390,16.4114
765411400,16.4031
765411410,16.3955
765411420,16.3886
765411430,16.3825
765411440,16.377
765411450,16.3722
765411460,16.3681
765411470,16.3647
765411760,19.1904
765411770,19.1958
765411800,18.4598
765411810,18.4903
765411820,11.1666
765411830,11.1322
765411840,5.80004
765411850,5.80032
765411860,5.80121
765411870,5.80272
765411880,5.80483
765411890,5.80753
765411900,5.81083
765411910,5.81471
765411920,6.00517
765411930,5.82419
765411940,5.82978
765411950,6.01352
765411960,6.01738
765411970,6.02176
765411980,6.02667
765411990,6.03209
765412000,6.03803
765412010,6.04446
765412020,6.0514
765412030,6.05883
765412040,6.06675
765412050,6.07515
765412060,6.08402
765412070,7.13478
765412080,7.15013
765412090,7.16601
765412100,14.0012
765412110,14.0954
765412120,14.191
765412130,14.2879
765412140,14.3861
765413380,15.7671
765413390,15.7751
765413400,15.7844
765413410,15.7948
765413420,15.8066
765413430,15.8195
765413440,15.8336
765413450,15.849
765413460,15.8656
765413470,15.8834
765413480,15.9025
765413490,15.9228
765413500,15.9442
765413510,15.967
765413520,15.9909
765413530,16.016
765413540,16.0424
765413550,16.07
765413560,16.0988
765413570,16.1289
765413580,16.1601
765413590,16.1926
765413600,16.2263
765413610,16.2612
765413620,16.2973
765413980,8.00804
765413990,8.01092
765414000,8.01437
765414010,8.01842
765414020,8.02285
765414030,8.02779
765414040,8.03324
765414050,8.03919
765414060,8.04564
765414070,8.05259
765414080,8.06003
765414090,10.3156
765414100,17.8678
765414110,17.8646
765414120,17.8622
765414130,17.8607
765414140,17.8602
765414150,17.8605
765414160,17.8618
765414170,17.864
765414180,17.8671
765414190,17.8712
765414200,17.8762
765414210,17.8821
765414220,17.889
765414230,17.8968
765414240,17.9055
765414250,17.9152
765414260,17.9259
765414270,17.9375
765414280,17.95
765414290,17.9635
765414300,17.978
765414310,17.9934
765414320,18.0098
765414330,18.0271
765414340,18.0455
765414350,18.0648
765414360,18.085
765414370,18.1062
765414380,18.1284
765414390,18.1516
765414400,18.1758
765414410,18.2009
765414420,18.227
765414430,18.2541
765414440,18.2822
765414450,18.3113
765414910,4.80768
765414920,4.80992
765414930,4.81247
765414940,4.81533
765414950,4.8185
765414960,4.08536
765414970,4.08476
765414980,4.08467
765414990,4.08506
765415000,4.08596
765415010,4.92827
765415020,4.92735
765415030,4.92664
765415040,4.92615
765415050,4.92587
765415060,4.92581
765415070,4.92596
765415080,4.92633
765415090,4.92693
765415100,4.92774
765415110,4.92878
765415120,4.93004
765415130,4.93152
765415140,4.93323
765415290,5.12958
765415300,5.12643
765415310,5.12343
765415320,5.12058
765415330,5.1179
765415340,5.11539
765415350,5.11304
765415360,5.11087
765415370,5.10887
765415380,5.10706
765415390,5.10543
765415400,5.10399
765415410,5.10275
765415420,0.945567
765415430,0.94685
765415440,0.948164
765415450,0.949508
765415460,0.950883
765415470,0.95229
765415480,0.953729
765415490,0.9552
765415500,0.956704
765415510,0.958241
765415520,0.959813
765415880,3.25501
765415890,3.25241
765415900,3.24993
765415910,3.24756
765415920,3.24531
765415930,3.24316
765415940,3.24113
765415950,3.23922
765415960,3.23741
765415970,3.23572
765415980,3.23414
765415990,3.23267
765416000,3.23131
765416010,3.23007
765416580,6.48822
765417400,11.4199
765417410,11.4095
765417420,11.4003
765417430,11.3922
765417440,11.3852
765417450,11.3793
765417460,8.01624
765417470,8.02027
765417480,8.02485
765417490,8.02999
765417500,8.03568
765417510,8.04192
765417520,8.04871
765417530,8.05606
765418260,16.6924
765418270,16.6471
765418280,16.6027
765418290,16.5591
765418300,16.5164
765418310,9.35123
765418320,9.31133
765418330,9.27216
765418340,9.2337
765418350,9.19596
765418360,9.15891
765418370,9.12257
765418380,9.08691
765418390,9.05194
765418400,9.01763
765418410,8.984
765418420,8.95102
765418430,8.9187
765418440,8.88702
765418450,8.85598
765418460,8.82557
765418470,8.79578
765418480,8.76661
765418490,8.73804
765418500,8.71008
765418510,8.6827
765418520,8.65592
765418530,8.62971
765418540,19.1981
765418550,19.1498
765418560,19.1021
765418820,20.8286
765418830,20.778
765418840,20.7283
765418850,20.6795
765418860,20.6317
765418870,20.5847
765418880,20.5387
765418890,20.4934
765418900,20.449
765418910,20.4055
765418920,20.3627
765418930,20.3207
765418940,17.1257
765418950,17.0277
765418960,16.9304
765418970,16.8336
765418980,16.7374
765418990,16.6418
765419000,16.5468
765419830,7.18562
765419840,7.18086
765419850,7.17638
765419860,7.17218
765419870,7.16825
765419880,7.1646
765419890,7.16122
765419900,7.15811
765419910,7.15527
765419920,7.1527
765419930,7.1504
765419940,7.14837
765419950,7.1466
765419960,7.14509
765419970,7.14385
765419980,7.14287
765420200,10.4859
765420210,10.495
765420220,10.5044
765420230,10.5142
765420240,10.5242
765420250,10.5345
765420260,10.5451
765420270,10.556
765420280,8.56821
765420290,8.56579
765420300,8.56341
765420310,8.56108
765420320,8.55878
765420330,8.55652
765420340,8.58464
765420350,8.5683
765420360,8.55143
765420370,8.53404
765420380,8.51612
765420390,8.49765
765420400,8.47862
765420730,3.25058
765420740,3.36208
765420750,3.34908
765420760,3.33694
765420770,3.32567
765420780,3.31524
765420790,3.36987
765420800,3.35857
765420810,3.34807
765420820,3.33835
765420830,3.3294
765420840,3.32121
765420850,4.82855
765420860,4.8225
765420870,4.81663
765420880,4.81095
765420890,4.80546
765420900,4.80016
765420910,4.79505
765420920,4.79014
765420930,4.78542
765420940,4.85802
765420950,4.85384
765420960,4.84981
765420970,3.54533
765420980,3.67245
765420990,3.69557
765421000,3.7188
765421010,3.74214
765421020,3.76559
765421030,3.78915
765421040,3.81282
765421050,3.8366
765421060,3.8605
765421070,3.88451
765421080,3.90863
765421090,3.93287
765421100,3.95722
765421110,3.98169
765421130,4.03098
765421210,14.3127
765421970,22.9603
765421980,23.0267
765421990,23.0927
765422000,23.1585
765422010,23.224
765422020,20.3781
765422030,20.3886
765422040,20.3988
765422050,20.4089
765422060,20.4187
765423240,24.2431
765423250,24.2415
765423260,24.2405
765423270,24.24
765423280,24.2401
765423290,24.2408
765423300,24.2419
765423310,24.2434
765423320,24.2454
765423330,24.2478
765423340,24.2505
765423350,24.2536
765423360,24.2569
765423370,24.2605
765423380,24.2644
765423390,24.2685
765423400,24.2727
765423410,24.277
765423420,24.2815
765423430,24.2861
765423440,24.2907
765423930,2.50141
765424700,9.75857
765424710,9.81291
765424720,9.86818
765424730,9.92436
765424740,9.98149
765424750,10.0395
765424760,10.0985
765424770,10.1585
765424780,10.2194
765424790,10.2812
765424800,10.344
765424810,10.4078
765424820,10.4725
765424830,10.5381
765424840,16.4668
765424850,16.5331
765424860,16.6004
765424870,16.6687
765424880,16.7379
765424890,16.808
765424900,16.8791
765424910,16.9512
765424920,16.6173
765424930,16.664
765424940,16.711
765424950,16.7585
765424960,16.8065
765424970,7.70588
765424980,7.71979
765424990,7.73381
765425000,7.96788
765425010,7.9991
765425020,8.03129
765425030,8.06447
765425040,11.5375
765425050,11.554
765425060,11.5714
765425070,11.5897
765425080,11.6091
765425090,11.6295
765425100,8.32605
765425110,8.36786
765425120,8.41084
765425130,8.45501
765425140,8.50039
765425150,8.54702
765425160,8.5949
765425170,8.64405
765425180,8.69451
765425190,8.74629
765425200,8.79941
765425210,8.85389
765425220,8.90976
765425230,8.96703
765425240,9.02574
765425250,9.08589
765425260,9.1475
765425270,9.21061
765425280,9.27523
765425290,10.6681
765425300,10.7071
765425310,10.7464
765425320,10.7858
765425330,10.8254
765425340,10.4766
765425350,10.5167
765425360,9.63552
765425370,9.67287
765425380,9.71038
765425390,9.74805
765425400,9.78587
765425410,9.82382
765425420,9.86188
765425430,9.90005
765425440,22.988
765425450,22.9176
765425460,22.8488
765425470,22.7816
765425480,22.716
765425490,22.652
765425500,22.5895
765425510,22.5286
765425520,22.4693
765425530,22.4116
765425540,22.3554
765425550,22.3008
765425560,22.2477
765425570,22.1962
765425580,22.1461
765425590,22.0977
765425600,22.0507
765425610,20.3643
765425620,20.3242
765425630,20.2854
765425640,20.2478
765425650,20.2114
765425660,20.1762
765425670,20.1422
765425680,20.1094
765425690,20.0778
765425700,20.0474
765425710,20.0182
765425720,19.9902
765425730,19.9634
765425740,19.9378
765425750,19.9134
765425760,19.8901
765425770,19.8681
765425780,19.8472
765425790,19.8275
765425800,19.8089
765425810,19.7916
765425820,19.7754
765425830,19.7603
765425840,19.7465
765425850,19.7337
765425860,19.7222
765425870,19.7117
765425880,19.7025
765425890,19.6943
765425900,19.6874
765426550,2.43647
765426560,2.43468
765426570,2.43305
765426580,2.43156
765426590,2.43022
765426600,2.42903
765426610,2.42799
765426620,2.4271
765426630,4.0373
765426640,4.03961
765426650,4.04212
765426660,4.04482
765426670,4.04771
765426680,3.48763
765426690,3.49043
765426700,3.49343
765426710,3.49664
765426720,3.50006
765426730,3.50367
765426740,3.50747
765426750,10.4193
765426760,10.4089
765427230,13.8367
765427240,13.8733
765427250,13.9107
765427260,10.0069
765427270,10.0362
765427280,10.0658
765427750,12.7716
765427760,12.7452
765427770,12.7194
765427780,12.6941
765427790,12.6694
765427800,12.6453
765427810,12.6217
765427820,12.5987
765427830,12.5762
765427840,12.3743
765427850,12.354
765427860,12.3342
765427870,12.315
765427880,12.2963
765427890,12.2783
765427900,12.2609
765427910,12.2441
765427920,12.2279
765427930,12.2123
765427940,12.1973
765427950,12.142
765427960,12.1284
765427970,11.6481
765427980,11.6399
765428060,8.57876
765428070,8.56436
765428740,9.24033
765428750,8.43855
765428760,9.21063
765428770,9.22698
765428780,9.24366
765428790,9.26067
765428800,9.278
765428810,9.29564
765428820,9.31358
765428830,9.33182
765428840,9.35034
765428850,9.36914
765428860,9.38821
765428870,9.40753
765428880,9.42711
765428890,9.44692
765428900,9.46696
765428910,9.48721
765428920,9.50768
765428930,9.52834
765428940,9.54919
765428950,7.18431
765428960,7.20194
765428970,7.21941
765428980,7.23668
765428990,7.25374
765429000,7.27056
765429010,7.28713
765429020,7.30343
765429030,7.31943
765429040,8.10374
765429050,8.13856
765429060,8.17337
765429070,8.20814
765429080,8.24286
765429090,8.27748
765429100,8.31201
765429110,8.34641
765429120,8.38065
765429130,8.41472
765429140,8.4486
765429150,8.48225
765429160,8.51565
765429360,1.56259
765429370,1.58161
765429380,1.6013
765429390,1.62161
765429400,1.6425
765429410,1.66394
765429420,1.68588
765429430,1.70828
765429440,1.73112
765429450,1.75437
765429460,1.77799
765429470,3.40321
765429480,5.36684
765429490,5.40555
765429500,5.44416
765429510,4.71874
765429520,4.75568
765429530,4.7931
765429540,4.831
765429550,4.86935
765429560,4.90814
765429570,4.94738
765429580,4.98703
765429590,4.79869
765429600,4.83643
765429610,4.8746
765429620,4.9132
765429630,4.95221
765429640,4.99162
765429650,5.03142
765429660,5.07162
765429670,5.11219
765429680,4.11507
765429690,4.16269
765430540,13.4348
765430550,13.4453
765430560,13.4581
765430570,13.473
765430580,13.4901
765430590,13.5094
765430600,13.5308
765430610,13.5544
765430620,13.5801
765430630,12.9018
765430640,12.9087
765430650,12.9173
765430660,12.9276
765430670,12.9396
765431600,16.9872
765431610,17.05
765431620,17.1127
765431630,17.1751
765431640,17.2374
765431650,21.9575
765431660,22.0565
765431670,22.1548
765431680,22.2523
765431690,22.3491
765431700,22.4453
765431710,22.5407
765431720,22.6355
765431730,22.7296
765431740,22.823
765431750,22.9158
765431760,23.0079
765431770,23.0994
765431950,4.56886
765431960,4.56452
765431970,4.56089
765431980,4.55798
765431990,4.55578
765432000,5.4368
765432010,5.44483
765432020,5.45409
765432030,5.46458
765432040,5.47628
765432050,5.48921
765432060,5.50337
765432070,5.51874
765432080,5.53534
765432090,8.01073
765433270,8.80594
765433280,8.82174
765433290,8.83797
765433300,14.7044
765433310,16.0064
765433320,16.0291
765433330,16.0532
765433340,16.0788
765433350,16.106
765433360,16.1346
765433370,16.1646
765433380,16.1962
765433390,16.2292
765433400,16.2637
765433410,16.2996
765433650,11.0339
765433660,11.0617
765433670,11.0894
765433680,11.1171
765434000,15.6927
765434010,15.6706
765434020,11.2326
765434030,11.2356
765434040,11.2392
765434050,11.2434
765434060,11.2483
765434970,4.54366
765434980,4.54047
765434990,4.53735
765435000,3.959
765435010,3.95822
765435020,3.95755
765435030,3.957
765435040,3.95655
765435050,4.30242
765435060,4.30499
765435070,4.30759
765435080,4.31023
765435090,4.31291
765435100,4.31566
765435110,1.74762
765435120,1.74786
765435130,1.74821
765435140,1.74868
765435150,1.74925
765435160,2.26563
765435170,2.25104
765435180,1.91142
765435190,1.89965
765435200,1.88809
765435210,1.87674
765435650,8.12465
765435660,8.12993
765435670,8.13578
765435680,8.14219
765435690,8.14916
765435700,8.1567
765435710,8.1648
765435720,8.17346
765435730,8.18269
765435740,8.19247
765435750,8.20282
765435760,8.21372
765435770,8.22518
765435780,8.23719
765435790,8.24975
765435800,8.26287
765435810,5.96179
765435820,5.96525
765435830,6.23955
765435840,6.24359
765435850,6.24774
765435860,6.252
765435870,6.25635
765435880,6.26079
765435890,6.26532
765435900,16.2076
765435910,16.1505
765435920,16.0944
765435930,16.0392
765435940,15.9849
765435950,15.9315
765435960,15.8791
765435970,15.8275
765435980,15.7769
765435990,15.7272
765436000,11.8156
765436010,11.8544
765436020,11.8941
765436030,11.9346
765436040,11.976
765436050,12.0184
765436060,12.0616
765436070,12.1057
765436080,7.10829
765436090,6.8802
765436100,6.86238
765436110,6.84493
765436120,7.11016
765436130,6.81113
765436140,6.79479
765436150,6.77881
765436160,6.76319
765436170,6.74794
765437190,15.2804
765437200,15.167
765437210,15.0558
765437220,14.9465
765437230,14.8393
765437240,14.7341
765437250,14.6309
765437260,14.5297
765437270,4.25931
765437280,14.3331
765437290,4.18388
765437300,4.14724
765437310,4.1113
765437320,4.07606
765437330,4.04152
765437340,4.00767
765437350,3.97451
765437360,3.94203
765437370,3.91024
765437380,3.87913
765437390,3.8487
765437400,3.81893
765437410,5.37465
765437420,5.38952
765437430,5.40474
765437440,5.42034
765437450,5.4363
765437460,5.45265
765437470,5.46938
765437870,10.0742
765437880,10.0329
765437890,9.99234
765437900,9.95239
765437910,9.91309
765437920,9.87442
765437930,9.83638
765437940,9.79897
765437950,9.76219
765437960,9.72602
765437970,10.6452
765437980,10.6415
765437990,10.6384
765438000,10.6357
765438010,10.6335
765438020,10.6319
765438030,10.6307
765438040,10.6301
765438050,10.63
765438300,25.0369
765438310,25.0043
765438320,24.9731
765438330,24.9433
765438340,24.9149
765438350,24.8879
765438360,24.8623
765438370,24.838
765438380,24.8151
765438490,22.5004
765438500,22.4733
765438510,22.4472
765438520,22.4221
765438530,22.398
765438540,22.3748
765438550,22.3526
765438560,22.3314
765438570,22.3111
765438580,22.2917
765438590,22.2733
765438600,22.2558
765438610,22.2392
765438620,22.2235
765438630,22.2087
765438640,22.1948
765438650,22.1817
765438660,22.1696
765438670,22.1583
765438680,22.1479
765438690,22.1384
765438700,22.1297
765438710,22.1218
765438720,22.1148
765438730,22.1087
765438740,17.3502
765438750,17.3791
765438760,10.8349
765438770,10.8347
765438780,10.8348
765438790,15.4671
765438800,15.4842
765438810,15.5018
765438820,19.7343
765438830,19.7743
765438840,19.8151
765438850,19.8567
765438860,13.7557
765438870,13.7688
765438880,13.7825
765438890,13.7969
765438900,13.812
765438910,13.8278
765438920,13.8443
765438930,13.8377
765438940,13.8546
765438950,13.8723
765438960,13.8908
765438970,13.9101
765438980,13.9301
765438990,13.951
765439000,13.9728
765439010,15.04
765439020,14.0188
765439030,14.0432
765439040,14.0684
765439050,15.1321
765439060,13.2793
765439070,14.0837
765439080,14.1236
765439090,16.896
765439100,16.8396
765439110,16.7849
765439120,16.7316
765439130,16.8844
765439140,16.8302
765439150,16.7773
765439160,16.7256
765439170,16.675
765439180,16.6256
765439190,16.5774
765439420,8.31218
765439430,8.29646
765439440,8.2812
765439450,8.26638
765439460,8.25202
765439470,8.23811
765439900,7.74804
765439910,7.74133
765439920,7.73491
765439930,7.7288
765439940,7.72296
765439950,7.71742
765439960,7.71215
765439970,7.70716
765439980,7.70244
765439990,7.84117
765440000,5.39145
765440010,5.38749
765440020,5.38394
765440030,5.3808
765440040,5.37808
765440050,5.37576
765440060,5.37385
765440070,5.37235
765440080,5.37126
765440090,5.37057
765440100,5.37029
765440110,5.37041
765440120,5.37093
765440130,5.37185
765440140,5.68324
765440150,5.67715
765440160,5.67127
765440170,5.66559
765440180,5.6601
765440190,5.65481
765440200,5.64969
765440210,5.64476
765440220,14.0636
765440230,14.0999
765440240,14.1365
765440250,14.1736
765440260,14.2111
765440270,14.249
765440280,14.3718
765440290,14.4135
765440300,16.3397
765440310,16.4376
765440320,16.5369
765440330,16.6376
765440340,16.7398
765440350,16.8434
765440360,16.9485
765440370,17.0549
765440380,17.1629
765440390,17.2722
765440400,17.383
765440410,17.4952
765440420,17.6088
765440430,16.2512
765440440,16.3093
765440450,16.3669
765440460,16.4239
765440470,16.4802
765440880,3.0974
765440890,3.10785
765440900,1.69599
765440910,1.69218
765440920,1.68868
765440930,1.68548
765440940,1.68257
765440950,1.67996
765440960,1.67764
765440970,1.67561
765440980,1.67387
765440990,1.67241
765441000,1.67123
765441010,1.67033
765441020,1.6697
765441030,1.66934
765441040,1.66925
765441050,1.66941
765441060,1.66984
765441070,1.67052
765441080,1.67145
765441090,2.60622
765441680,11.0894
765441690,16.3236
765441700,16.3801
765441710,16.4382
765441720,16.4979
765441730,16.5591
765441740,16.6219
765441750,16.2635
765441760,16.3318
765441770,16.4018
765441780,16.4733
765441790,16.5465
765441800,16.6212
765441810,16.6976
765441820,16.7755
765441830,16.8551
765441840,16.9361
765441850,17.0188
765441860,17.103
765441870,17.1887
765441880,17.276
765441890,17.3648
765441900,17.4551
765441910,17.5468
765441920,17.6401
765441930,17.7348
765441940,17.8309
765441950,17.9285
765441960,18.0275
765441970,18.1279
765442060,25.5685
765442070,25.679
765442080,25.7901
765442090,20.192
765442100,20.2323
765442110,20.2722
765442120,20.3117
765442130,20.3507
765442140,20.3893
765442150,26.5784
765442160,20.4651
765442170,20.5022
765442180,20.5389
765442190,20.5751
765442200,20.6109
765442210,20.2783
765442220,22.3489
765442230,22.3607
765442240,22.3725
765442250,22.3842
765442260,22.3959
765442270,22.4075
765442280,22.4191
765442290,22.4307
765442300,22.4422
765442310,22.4537
765442320,22.2568
765442330,22.2403
765442340,22.2246
765442350,22.2096
765442360,22.1954
765442370,23.5586
765442380,23.5238
765442390,23.4896
765442400,23.4559
765442410,23.4228
765442420,23.3902
765442430,23.3583
765442440,23.327
765442450,23.2963
765442460,10.8989
765442470,10.8955
765442480,10.8923
765442490,10.8893
765442500,10.8867
765442510,10.8842
765442520,10.8821
765442530,10.8802
765442540,10.8786
765442550,10.8773
765442560,10.8763
765442570,10.8756
765442580,10.8752
765442590,10.8752
765442600,10.8756
765442610,10.8763
765442620,10.8773
765442630,10.3175
765442640,10.3256
765442650,10.3342
765442660,10.3432
765442670,10.3528
765442680,10.3628
765442690,10.3734
765442700,12.6882
765442710,12.6618
765442720,12.6357
765442730,12.6097
765442740,12.5839
765442750,12.5582
765442760,12.5328
765442770,12.5074
765442780,12.4823
765442790,12.4572
765442800,12.4326
765442810,10.5449
765442820,10.5632
765442830,10.5821
765442840,10.6018
765442850,10.6221
765442860,10.643
765442870,10.6647
765442880,10.6871
765442890,10.7102
765442900,10.734
765442910,10.7585
765442920,10.7838
765442930,10.8098
765442940,10.8366
765442950,10.8641
765442960,10.8923
765442970,10.9213
765442980,10.9511
765442990,10.9816
765443000,11.0129
765443010,11.0449
765443020,11.0777
765443030,11.1113
765443040,9.11838
765443050,9.20296
765443060,9.28858
765443070,9.37526
765443080,9.46298
765443090,9.55175
765443100,9.64156
765443110,9.7324
765443120,9.82429
765443130,9.91721
765443140,10.0112
765443150,10.1062
765443160,10.2022
765443170,10.2992
765443180,10.3973
765443190,10.4964
765443200,10.5965
765443210,10.6977
765443220,10.7999
765443230,10.903
765443240,11.0073
765443250,11.1125
765443260,11.2188
765443270,11.326
765443280,11.4343
765443290,11.3363
765443300,11.4124
765443310,11.488
765443320,11.5632
765443330,11.638
765443340,18.6958
765443350,18.6927
765444750,7.66099
765444760,7.70159
765444770,7.74285
765444780,8.06621
765444790,8.09754
765444800,8.12911
765444810,8.16091
765444820,8.22101
765444830,8.26274
765444840,8.30485
765444850,8.34735
765444860,8.32347
765444870,8.35667
765444880,8.39011
765444890,8.42377
765444900,8.45766
765444910,8.49177
765444920,8.5261
765444930,8.56065
765444940,8.59543
765444950,8.63043
765444960,8.66564
765445160,5.99413
765445170,6.02571
765445180,6.05776
765445190,6.09028
765445200,6.12327
765445210,6.15672
765445220,6.19062
765445230,6.22498
765445240,6.25979
765445250,6.29504
765445260,6.33073
765445270,6.36685
765445280,6.4034
765445290,6.44038
765445300,6.47777
765445310,6.51558
765445320,6.55378
765445330,6.59239
765445340,6.63139
765445350,6.67077
765445360,6.71053
765445370,6.75066
765445380,6.79115
765445390,6.832
765445650,19.745
765445660,20.433
765445670,20.4236
765445680,18.8969
765445690,18.8624
765445700,18.8289
765445710,18.7966
765445720,18.7654
765445730,18.7353
765445740,18.7063
765445750,18.6784
765445760,18.6515
765445770,18.6257
765445780,18.6009
765445790,18.5771
765445800,18.5544
765445810,20.4203
765445820,18.5118
765445830,18.492
765445840,18.4732
765445850,18.4553
765445860,18.4384
765446630,11.3445
765446640,11.3361
765446650,11.3283
765446660,11.3211
765446670,11.3144
765446680,11.3083
765446690,11.3027
765446700,11.2978
765446710,11.2933
765446720,11.2895
765447080,10.5407
765447100,10.5305
765447110,7.01046
765447120,10.6321
765447130,10.6092
765447140,10.5868
765447150,10.565
765447160,10.5436
765447170,10.5227
765447180,10.5022
765447190,10.4823
765447200,10.4628
765447210,10.4439
765447220,10.4254
765447230,10.4074
765447240,10.3899
765447250,10.3728
765447260,10.3563
765447270,10.3402
765447280,10.3246
765447290,10.3095
765447300,10.2949
765447310,10.2807
765447320,8.67841
765447330,8.66562
765447340,8.6532
765447350,8.64114
765447360,8.62943
765447370,8.61807
765447380,8.60705
765447390,8.59638
765447400,8.58605
765447410,8.57605
765447420,8.56638
765447430,8.55704
765447440,8.54803
765447450,8.53933
765447460,8.53095
765447470,8.52289
765447480,8.51513
765447490,8.50768
765447500,8.50054
765447510,9.08
765447520,9.07905
765447530,9.0784
765447540,9.07803
765447550,9.07796
765447560,9.07816
765447570,9.07864
765447580,9.07939
765447590,9.08042
765447600,9.0817
765447610,9.08325
765447620,9.76269
765447630,9.75671
765447640,9.75107
765447650,9.74578
765447660,9.7709
765447670,9.76806
765447680,9.76555
765447690,9.76336
765447700,9.76148
765447710,12.6425
765447720,12.6313
765447730,12.6209
765447740,12.6111
765447750,12.602
765448120,10.6186
765448130,10.6082
765448140,10.5984
765448150,10.5891
765448160,10.5804
765448170,10.5721
765448180,10.5642
765448190,10.5569
765448200,10.5501
765448210,10.5438
765448220,10.5379
765448230,10.5325
765448380,4.3054
765448390,4.33336
765448400,4.36189
765448410,4.39096
765448420,4.4206
765448430,4.45079
765448440,4.48153
765448450,4.51284
765448460,4.54469
765448470,4.57711
765448480,4.61008
765448490,4.6436
765448500,4.67769
765448510,4.71232
765448520,4.74751
765448530,4.78326
765448540,4.81956
765448550,4.85641
765448560,4.89382
765448570,4.93178
765448580,4.9703
765448590,5.00937
765448600,5.04899
765448610,5.08917
765448620,5.1299
765448630,5.17119
765448640,5.21303
765448650,5.17382
765448660,5.21367
765448670,5.25401
765448680,5.29483
765448690,5.33613
765448700,5.37791
765448710,5.42017
765448720,5.46291
765448740,10.3111
765448750,10.3358
765448760,10.3611
765448780,10.4131
765448790,10.4398
765448800,10.4671
765448810,10.4948
765448820,10.5231
765448830,10.5519
765448840,10.5811
765448850,10.6109
765448860,10.6411
765448870,10.6718
765448880,10.703
765448890,10.7347
765448900,10.7669
765448910,10.7995
765448920,10.8326
765448930,10.8662
765448940,10.9002
765448950,10.9347
765450260,6.35339
765450270,6.3583
765450280,6.3637
765450290,6.36959
765450880,33.4751
765450890,33.3888
765450900,33.305
765450910,33.2236
765450920,33.1447
765450930,33.0683
765450940,32.9944
765450950,32.9229
765450960,32.8539
765450970,22.5551
765450980,22.5309
765451490,10.639
765451500,10.625
765451510,10.6125
765451520,10.6015
765451530,6.26227
765451540,6.2739
765451550,6.28678
765451560,6.30089
765451570,6.3162
765451580,6.3327
765451590,6.35035
765451600,6.36913
765451610,6.38901
765452480,11.3236
765452500,11.4877
765452510,11.571
765452520,11.6552
765453070,7.98058
765453080,7.96253
765453090,7.97731
765453100,7.99247
765453110,8.00803
765453120,8.02398
765453130,8.04033
765453140,8.05707
765453150,6.43942
765453160,6.44263
765453170,6.44596
765453180,6.44941
765453190,6.41104
765453200,6.41349
765453210,6.41621
765453220,6.41923
765453230,6.42253
765453240,6.42613
765453250,6.43002
765453260,6.43422
765453270,9.41327
765453280,9.41549
765453290,9.41828
765453300,9.42163
765453310,9.42554
765453320,9.43
765453330,9.435
765453340,9.44055
765453350,9.44662
765453360,6.28957
765453370,6.26647
765453380,6.24368
765453390,6.22121
765453400,6.19905
765453410,6.17719
765453810,14.8419
765453820,14.8367
765453830,14.8323
765453840,14.8287
765453850,14.8258
765453860,14.8237
765453870,14.8224
765453880,14.8219
765453890,14.8221
765453900,14.8232
765453910,14.825
765453920,14.8276
765453930,14.831
765453940,14.8352
765453950,14.8401
765453960,14.8459
765453970,14.8525
765453980,14.8598
765453990,14.868
765454000,14.8769
765454010,14.8867
765454020,14.8972
765456100,17.4168
765456110,17.3994
765456120,17.3831
765456130,17.3678
765456140,17.3537
765456270,13.1922
765456280,13.1914
765456290,13.1914
765456300,13.1923
765456310,13.194
765456320,13.1965
765456330,13.1998
765456340,13.204
765456350,13.209
765456360,13.2149
765456370,13.2217
765456380,13.2293
765456390,13.2378
765456610,14.1812
765456620,14.1291
765456630,14.0777
765456640,14.027
765456650,13.9771
765456660,13.9279
765456670,13.8793
765456680,13.8315
765456690,13.7843
765456700,13.7377
765456710,13.6917
765456720,13.6462
765456730,13.6014
765456740,13.557
765456750,13.5132
765456760,13.4699
765456770,13.427
765456780,13.3845
765456790,13.3425
765456800,13.3009
765456810,13.2596
765456820,13.2187
765456830,13.1781
765456840,13.1378
765456850,13.0978
765456860,13.0581
765456870,13.0186
765456880,12.9793
765456890,12.9402
765456900,12.9012
765456910,12.8624
765456920,12.8238
765456930,12.7852
765456940,12.7467
765456950,12.7083
765456960,12.6698
765456970,12.6315
765456980,12.593
765456990,12.5546
765457000,12.5161
765457010,12.4776
765457020,6.94273
765457030,6.96168
765457040,6.74469
765457050,6.78972
765457060,6.83598
765457070,6.88349
765457080,6.93225
765457090,12.7751
765457100,12.8443
765457110,12.3966
765457120,12.4316
765457130,12.4674
765457140,12.504
765457150,12.5414
765457160,12.5796
765457580,10.2331
765457590,10.383
765457600,10.4081
765457610,10.4328
765457620,10.4571
765457630,10.4811
765457640,10.5047
765457650,10.528
765457660,10.551
765457670,10.5737
765457680,10.5961
765457690,10.6183
765457700,10.6402
765457710,10.6619
765457720,10.6833
765457730,10.7045
765457740,11.0188
765457750,11.034
765457760,11.0491
765457770,11.0641
765457780,11.0789
765457790,11.0937
765457800,11.1083
765457810,11.1229
765457820,11.1373
765457830,11.1517
765457900,10.7429
765457910,10.7157
765457920,10.6893
765457930,10.6637
765457940,10.6388
765457950,10.6147
765459730,14.078
765459740,14.0677
765459750,14.0579
765459760,14.0488
765459770,14.0403
765459780,14.0323
765459790,14.0249
765459800,14.0182
765459810,14.012
765459820,14.0063
765459830,14.0013
765459840,13.9969
765459850,13.993
765459860,13.9897
765459870,13.987
765459880,13.9848
765459890,13.9833
765459900,13.9823
765459910,13.9818
765459920,13.9819
765459930,13.9826
765459940,13.9839
765459950,13.9857
765459960,13.988
765459970,11.9022
765459980,11.901
765459990,11.9002
765460000,11.8998
765460010,11.8998
765460020,6.8727
765460030,6.88102
765460040,6.88967
765460050,6.51413
765460060,6.5206
765460070,6.52737
765460080,6.53445
765460090,6.54183
765460100,6.54953
765460110,6.55754
765460120,6.56588
765460130,6.57453
765460140,6.58351
765460150,6.59283
765460160,6.60247
765460170,6.61246
765460180,6.62278
765460190,6.63345
