Модуль ошибки псевдодальности	Время, с	Ошибка, м
0	5
624888520,,,,,,,,,,62.3443,,,,62.6299,,,,,,,,,,,63.1619,63.5865,,,63.2758,,63.3616,62.5266,
624888530,,,,,,,,,,62.8447,,,,62.5322,,,,,,,,,,,63.3195,63.2648,,,63.3276,,63.0022,62.476,
624888540,,,,,,,,,,62.9078,,,,62.6324,,,,,,,,,,,62.7818,63.3867,,,63.3366,,63.2031,62.4918,
624892500,,62.9911,,,,62.7456,,,62.9614,,,,,,,,,,62.5376,,,,63.9313,,62.6921,,,,,,,,
624892510,,63.0788,,,,62.6742,,,62.5832,,,,,,,,,,62.5389,,,,63.6254,,63.7325,,,,,,,,
624892520,,63.0849,,,,62.6334,,,62.6695,,,,,,,,,,62.2743,,,,63.3982,,63.1781,,,,,,,,
624892530,,63.0679,,,,62.6188,,,62.8026,,,,,,,,,,62.4473,,,,63.4666,,63.5968,,,,,,,,
624894000,,,,,,,,,,,,,,62.9638,,62.8169,,,,,,63.2692,,,,62.9077,,,,,63.3642,62.6688,
624894010,,,,,,,,,,,,,,62.7191,,62.7789,,,,,,63.047,,,,62.883,,,,,63.2733,62.241,
624894020,,,,,,,,,,,,,,62.641,,62.7805,,,,,,63.0404,,,,62.9342,,,,,63.4581,62.5402,
624894030,,,,,,,,,,,,,,62.7128,,62.6971,,,,,,63.0552,,,,62.9292,,,,,63.4737,63.4224,
624894040,,,,,,,,,,,,,,62.7649,,62.6557,,,,,,63.4301,,,,62.9061,63.5311,,,,63.4991,63.5642,
624894050,,,,,,,,,,,,,,62.6339,,62.7017,,,,,,63.2176,,,,62.9127,63.369,,,,63.2163,62.921,
624894060,,,,,,,,,,,,,,62.7758,,62.6635,,,,,,63.352,,,,62.8629,63.4135,,,,63.5783,62.6554,
624894070,,,,,,,,,,,,,,62.7757,,62.6559,,,,,,63.5203,,,,62.9169,63.4931,,,,63.3987,62.7252,
624894080,,,,,,,,,,,,,,62.7408,,62.7139,,,,,,62.9543,,,,62.8326,63.3382,,,,63.5241,62.7892,
624894090,,,,,,,,,,,,,,62.6858,,62.5669,,,,,,63.504,,,,62.8347,63.3921,,,,63.3176,63.1025,
624894100,,,,,,,,,,,,,,62.7695,,62.6295,,,,,,63.2311,,,,62.8904,62.9789,,,,63.3722,63.2132,
624894110,,,,,,,,,,,,,,62.7026,,62.5618,,,,,,62.9829,,,,62.8005,63.477,,,,63.4122,62.8767,
624894120,,,,,,,,,,,,,,62.8427,,62.5417,,,,,,63.1011,,,,62.8191,63.6686,,,,63.5031,62.6736,
624894130,,,,,,,,,,,,,,62.8529,,62.4494,,,,,,62.8849,,,,62.8115,63.4898,,,,63.4437,62.7574,
624894140,,,,,,,,,,,,,,62.7572,,62.4759,,,,,,62.9593,,,,62.841,63.4521,,,,63.3326,63.0948,
624894150,,,,,,,,,,,,,,62.78,,62.4437,,,,,,62.7904,,,,62.7996,63.2862,,,,63.2947,62.6541,
624894160,,,,,,,,,,,,,,62.6792,,62.5002,,,,,,63.1016,,,,62.7527,63.2901,,,,63.4319,62.3877,
624894170,,,,,,,,,,,,,,62.8286,,62.439,,,,,,63.3347,,,,62.7421,63.4122,,,,63.5388,62.8934,
624894180,,,,,,,,,,,,,,62.7546,,62.5432,,,,,,62.8655,,,,62.5701,63.5156,,,,63.479,62.9049,
624894190,,,,,,,,,,,,,,62.7032,,62.556,,,,,,63.1226,,,,62.6769,63.4662,,,,63.2093,62.683,
624894200,,,,,,,,,,,,,,62.6547,,62.4773,,,,,,63.287,,,,62.6315,63.5121,,,,63.4447,62.9176,
624894210,,,,,,,,,,,,,,62.6648,,62.4121,,,,,,63.1832,,,,62.4962,63.4198,,,,63.3588,62.866,
624894220,,,,,,,,,,,,,,62.6272,,62.5173,,,,,,63.143,,,,62.5029,63.2187,,,,63.4266,62.597,
624894230,,,,,,,,,,,,,,62.7566,,62.4256,,,,,,63.5299,,,,62.505,63.2202,,,,62.941,62.9152,
624894240,,,,,,,,,,,,,,62.749,,62.584,,,,,,63.2418,,,,62.6773,63.214,,,,63.2996,62.8813,
624894250,,,,,,,,,,,,,,62.5889,,62.5971,,,,,,62.9744,,,,62.6319,63.2611,,,,63.2955,62.8873,
624894260,,,,,,,,,,,,,,62.7221,,62.6577,,,,,,63.1089,,,,62.6794,63.3871,,,,63.2309,62.984,
624894270,,,,,,,,,,,,,,62.7271,,62.5457,,,,,,63.0713,,,,62.7343,63.3217,,,,63.6057,62.7132,
624894280,,,,,,,,,,,,,,62.7797,,62.5701,,,,,,63.5459,,,,62.7565,63.3418,,,,63.2668,63.2471,
624894290,,,,,,,,,,,,,,62.7985,,62.5021,,,,,,63.174,,,,62.5393,63.4682,,,,63.5488,62.8924,
624894300,,,,,,,,,,,,,,62.82,,62.6343,,,,,,63.329,,,,62.6553,63.2682,,,,63.256,62.9081,
624894310,,,,,,,,,,,,,,62.8193,,62.5993,,,,,,63.2208,,,,62.5582,63.2928,,,,63.3978,63.0009,
624894320,,,,,,,,,,,,,,62.7616,,62.4898,,,,,,62.7681,,,,62.6587,63.252,,,,63.2731,62.822,
624894330,,,,,,,,,,,,,,62.6987,,62.4941,,,,,,62.8507,,,,62.8439,63.2989,,,,63.5578,62.843,
624894340,,,,,,,,,,,,,,62.638,,62.5988,,,,,,63.2498,,,,62.654,63.3191,,,,63.6965,62.8206,
624894350,,,,,,,,,,,,,,62.6517,,62.5671,,,,,,62.8615,,,,62.6838,63.2501,,,,63.6973,62.7959,
624894360,,,,,,,,,,,,,,62.7119,,62.6278,,,,,,63.5118,,,,62.5325,63.3143,,,,63.2506,63.1112,
624899200,,,,,,,61.7594,,62.837,,,,,,,62.6929,,,,,,,63.2523,,,62.9551,63.5031,,,,,,
624899210,,,,,,,62.1021,,62.7656,,,,,,,62.6352,,,,,,,63.0857,,,62.8983,63.3751,,,,,,
624899270,,,,,,,62.4829,,62.6601,,,,,,,62.5894,,,,,,,63.0054,,,62.6919,63.4348,,,,,,
624899280,,,,,,,62.4885,,62.7256,,,,,,,62.7218,,,,,,,63.0359,,,62.7427,63.1095,,,,,,
624899300,,,,,,,62.2192,,62.743,,,,,,,62.771,,,,,,,63.1666,,,62.6611,63.2289,,,,,,
624899310,,,,,,,61.5849,,62.6351,,,,,,,62.6742,,,,,,,63.0959,,,62.7233,63.3767,,,,,,
624899840,,,63.9394,,,,,63.1743,62.7725,,,,,,,62.9264,,,,,,63.2296,62.8144,,,,63.0552,,,,,,
624899850,,,63.8108,,,,,63.2025,62.8655,,,,,,,63.3379,,,,,,63.9466,62.7662,,,,63.0097,,,,,,
624899860,,,63.7792,,,,,63.0813,62.8557,,,,,,,63.2062,,,,,,63.4736,62.7746,,,,63.061,,,,,,
624901930,,,,,,,,,,,,63.2659,,,,,63.4464,,62.6294,,,,,64.7195,63.0124,,,,,,,62.7855,
624901940,,,,,,,,,,,,63.3665,,,,,63.7253,,62.6008,,,,,64.6658,63.0543,,,,,,,62.7793,
624901950,,,,,,,,,,,,63.4317,,,,,63.647,,62.6501,,,,,64.7386,62.6034,,,,,,,62.7184,
624901960,,,,,,,,,,,,63.4831,,,,,63.9285,,62.7343,,,,,64.6647,63.6806,,,,,,,62.7364,
624901970,,,,,,,,,,,,63.3925,,,,,63.9088,,62.9658,,,,,64.7727,63.1497,,,,,,,62.905,
624901980,,,,,,,,,,,,63.3392,,,,,63.5294,,62.8372,,,,,64.6677,63.0586,,,,,,,62.7225,
624901990,,,,,,,,,,,,63.4738,,,,,63.7838,,62.7652,,,,,64.656,63.4093,,,,,,,62.7856,
624902000,,,,,,,,,,,,63.3831,,,,,63.7204,,62.6194,,,,,64.6327,63.0473,,,,,,,62.7388,
624902010,,,,,,,,,,,,63.3526,,,,,63.1455,,62.8597,,,,,64.7104,63.5411,,,,,,,62.6742,
624902020,,,,,,,,,,,,63.2985,,,,,63.9256,,63.1098,,,,,64.7507,63.1259,,,,,,,62.6426,
624902250,,,,,,,,,,,,63.4167,,,64.0872,,,,62.8603,,,,,64.6856,63.4974,,,,,,,62.498,
624902260,,,,,,,,,,,,63.4369,,,63.8117,,,,62.9325,,,,,64.6051,63.2143,,,,,,,62.946,
624902270,,,,,,,,,,,,63.3976,,,63.5221,,,,62.6998,,,,,64.6674,63.4166,,,,,,,62.2847,
624902280,,,,,,,,,,,,63.4053,,,63.9637,,,,63.2286,,,,,64.5244,63.2565,,,,,,,62.1573,
624905280,,,,,,,61.4771,63.3933,63.1502,,,,,,,,,,,,,,64.1324,,,,62.9842,62.0772,,63.0847,,,
624909060,,,,,,,,,,62.6357,,,,,,,,,,63.1062,62.9584,,,,,,63.4344,,63.1006,,,,
624909070,,,,,,,,,,62.6669,,,,,,,,,,63.1147,62.8692,,,,,,63.0718,,63.085,,,,
624909080,,,,,,,,,,62.7172,,,,,63.1968,,,,,63.102,62.9273,,,,,,63.4018,,63.4885,,,,
624909090,,,,,,,,,,62.7001,,,,,63.376,,,,,63.2087,62.8209,,,,,,63.6535,,63.0743,,,,
624909100,,,,,,,,,,62.6887,,,,,63.6963,,,,,63.0773,62.8589,,,,,,63.2407,,63.0388,,,,
624909110,,,,,,,,,,62.7435,,,,,63.543,,,,,63.1813,62.744,,,,,,62.922,,63.2221,,,,
624909120,,,,,,,,,,62.5719,,,,,63.4301,,,,,63.0745,62.7253,,,,,,63.1011,,63.3952,,,,
624909130,,,,,,,,,,62.7011,,,,,63.4392,,,,,63.094,62.7897,,,,,,63.2994,,63.26,,,,
624910150,,,,,,,62.0747,62.8886,,,,,63.0408,,62.8581,,,,,63.2312,62.7573,,,,,,62.8851,62.8419,,63.1686,,,
624910890,,,,,63.5662,,61.9493,,,,,,62.7913,,,,63.059,,,,,,,,,,,62.8123,,62.6547,,,
624910900,,,,,63.7201,,62.1607,,,,,,62.9275,,,,62.8838,,,,,,,,,,,62.6455,,62.6828,,,
624910910,,,,,63.7881,,61.8042,,,,,,62.6975,,,,62.8743,,,,,,,,,,,62.7471,,62.636,,,
624910920,,,,,63.1955,,61.9829,,,,,,62.6396,,,,63.3561,,,,,,,,,,,62.6615,,62.6094,,,
624910930,,,,,62.9367,,61.8096,,,,,,62.7693,,,,63.263,,,,,,,,,,,62.5559,,62.6369,,,
624910940,,,,,63.6196,,62.0439,,,,,,62.9319,,,,63.0873,,,,,,,,,,,62.611,,62.6836,,,
624910950,,,,,63.0152,,62.0068,,,,,,62.9094,,,,63.2135,,,,,,,,,,,62.6838,,62.786,,,
624910960,,,,,63.5361,,62.2566,,,,,,62.9529,,,,63.2035,,,,,,,,,,,62.6265,,62.7029,,,
624910970,,,,,63.0854,,61.9599,,,,,,62.5831,,,,62.8281,,,,,,,,,,,62.5386,,62.6063,,,
624910980,,,,,63.1948,,61.9772,,,,,,62.9471,,,,63.0862,,,,,,,,,,,62.6169,,62.6467,,,
624911200,,,,,62.6965,,61.9553,,,,,,62.5375,,,,63.1517,,63.0479,,,,,,,,,62.4023,,62.4014,,,
624911210,,,,,63.3593,,61.5591,,,,,,63.0064,,,,63.1057,,63.6182,,,,,,,,,62.5282,,62.5103,,,
624912200,,63.208,,,,62.5326,,,62.9032,,,63.6596,,,,,63.1115,,62.5497,,,,63.6866,,,,,,,,,,
624912220,,63.2637,,,,62.5693,,,62.9035,,,63.5442,,,,,63.7314,,62.4315,,,,63.3518,,,,,,,,,,
624912230,,63.1467,,,,62.5444,,,62.9199,,,63.365,,,,,63.1176,,62.3733,,,,63.7297,,,,,,,,,,
624912240,,63.3053,,,,62.5684,,,62.754,,,62.9992,,,,,63.2343,,62.364,,,,63.4783,,,,,,,,,,
624912250,,63.2466,,,,62.4994,,,63.055,,,62.8552,,,,,63.4847,,62.4513,,,,63.4533,,,,,,,,,,
624912260,,62.9974,,,,62.5068,,,63.022,,,63.2506,,,,,63.9753,,62.5818,,,,63.5542,,,,,,,,,,
624912270,,63.2589,,,,62.5743,,,62.8743,,,63.2166,,,,,63.5214,,62.5218,,,,63.4242,,,,,,,,,,
624912280,,63.1089,,,,62.4934,,,63.0764,,,63.1043,,,,,62.8944,,62.3386,,,,63.332,,,,,,,,,,
624912520,,62.6071,,,,62.5398,,,62.9531,,,63.1712,,,,,,,62.8932,,,,63.2179,,63.8392,,,,,,,,
624912530,,62.706,,,,62.5569,,,62.884,,,63.1033,,,,,,,62.4646,,,,63.1358,,63.532,,,,,,,,
624912540,,62.6912,,,,62.6056,,,62.8372,,,62.4385,,,,,,,62.3544,,,,63.1885,,64.0304,,,,,,,,
624912550,,62.7976,,,,62.5463,,,62.7608,,,63.0012,,,,,,,62.6065,,,,63.4951,,63.8061,,,,,,,,
624912560,,62.6481,,,,62.6135,,,62.8825,,,63.3752,,,,,,,62.6246,,,,63.4164,,63.7277,,,,,,,,
624912570,,62.6377,,,,62.5681,,,62.966,,,62.5032,,,,,,,62.5242,,,,63.2136,,63.5834,,,,,,,,
624912580,,62.6937,,,,62.6357,,,62.7365,,,63.0105,,,,,,,62.9603,,,,63.3644,,63.9762,,,,,,,,
624912590,,62.7474,,,,62.6428,,,62.5113,,,62.9547,,,,,,,62.6552,,,,63.2759,,63.6353,,,,,,,,
624912640,,62.8032,,,,62.5819,,,62.6335,,,63.4516,,,,,,,,,,,63.272,,63.5075,,,,,,63.006,,
624916060,,,,,,,,,,63.0268,,,63.052,,62.9598,,62.9343,,,,,,,64.3289,,,,62.4189,,,,,
624916070,,,,,,,,,,63.5441,,,63.0077,,62.9397,,62.703,,,,,,,64.429,,,,62.3237,,,,,
624916080,,,,,,,,,,62.7956,,,63.1957,,62.932,,62.7755,,,,,,,64.4413,,,,62.4549,,,,,
624916670,,,,,,,,,,,,64.3483,63.5642,,62.43,,63.3085,,63.333,,,,,64.2099,,,,62.5479,,,,,
624917720,,62.8132,,,62.6794,62.6314,,,,,,63.0992,,,,,,,,,,,,,,,,,63.8797,,,,
624919470,,,63.9646,,,,,63.9379,63.1499,,,,,,,62.7651,,,,,,,62.7459,,,62.9896,63.3748,,,,,,
624919480,,,63.3457,,,,,63.8289,63.3193,,,,,,,62.775,,,,,,,62.6872,,,62.607,63.5404,,,,,,
624919490,,,63.1167,,,,,63.3681,63.0701,,,,,,,62.6893,,,,,,,62.7441,,,62.7206,63.4348,,,,,,
624919500,,,63.2789,,,,,63.8646,63.2586,,,,,,,62.7762,,,,,,,62.7229,,,62.6759,63.4013,,,,,,
624919510,,,63.4894,,,,,63.0037,62.8176,,,,,,,62.6391,,,,,,,62.6638,,,62.8732,63.4763,,,,,,
624919520,,,63.5728,,,,,63.3363,62.5968,,,,,,,62.7279,,,,,,,62.6709,,,62.7167,63.4495,,,,,,
624919530,,,63.4969,,,,,63.4569,62.2814,,,,,,,62.6825,,,,,,,62.7445,,,62.7795,63.5089,,,,,,
624919540,,,63.2991,,,,,63.7271,62.9243,,,,,,,62.6976,,,,,,,62.8274,,,62.8753,63.4533,,,,,,
624919550,,,63.5397,,,,,63.6031,63.2696,,,,,,,62.7548,,,,,,,62.6656,,,62.8817,63.485,,,,,,
624921900,,,,,,,,,,62.7914,,63.5013,,,63.8476,,63.372,,,,,,,64.2392,,,,,,,,,
624922210,,,,,,,,,,,,63.3833,,,63.3063,,,,62.8371,,,,,64.0266,63.3859,,,,,,,,
624922220,,,,,,,,,,,,63.3052,,,63.191,,,,62.4955,,,,,64.0132,63.5916,,,,,,,,
624922230,,,,,,,,,,,,63.3048,,,63.1392,,,,62.7117,,,,,64.0151,63.5281,,,,,,,,
624922240,,,,,,,,,,,,63.3289,,,63.1861,,,,62.7179,,,,,64.0574,63.6476,,,,,,,,
624922250,,,,,,,,,,,,63.3124,,,63.1479,,,,62.8598,,,,,64.0942,63.769,,,,,,,,
624922260,,,,,,,,,,,,63.3258,,,63.3846,,,,62.6634,,,,,64.1066,63.0704,,,,,,,,
624922270,,,,,,,,,,,,63.2678,,,63.2966,,,,62.981,,,,,64.1525,63.1056,,,,,,,,
624922280,,,,,,,,,,,,63.2517,,,63.1794,,,,62.8262,,,,,64.045,63.42,,,,,,,,
624922290,,,,,,,,,,,,63.2716,,,63.1035,,,,62.554,,,,,64.0483,63.3381,,,,,,,,
624922300,,,,,,,,,,,,63.3278,,,63.1229,,,,63.2658,,,,,64.0181,63.5438,,,,,,,,
624922310,,,,,,,,,,,,63.2324,,,62.9551,,,,62.5328,,,,,64.0501,63.6668,,,,,,,,
624922320,,,,,,,,,,,,63.1994,,,63.0444,,,,63.3001,,,,,63.9286,63.8231,,,,,,,,
624924640,,,,,63.3842,,62.5484,62.9407,63.2023,,,,,,,62.6962,,,,,,,,,,,63.194,,,63.5966,,,
624924650,,,,,63.6273,,62.5083,62.9002,63.4089,,,,,,,62.6505,,,,,,,,,,,63.3285,,,62.7226,,,
624924760,,,,,,,62.5025,62.8669,63.1411,,,,,,,62.6186,,,,,,,63.5656,,,,63.1839,,,63.2846,,,
624924790,,,,,,,62.4114,62.6553,63.2484,,,,,,,62.7392,,,,,,,63.466,,,,63.1615,,,63.4925,,,
624924810,,,,,,,62.4241,62.5873,63.2754,,,,,,,62.5538,,,,,,,63.8451,,,,63.0703,,,63.1676,,,
624924840,,,,,,,62.4558,63.0285,63.2762,,,,,,,62.7811,,,,,,,63.4426,,,,63.1749,,,62.3616,,,
624924850,,,,,,,62.4092,62.5404,63.2892,,,,,,,62.922,,,,,,,63.7383,,,,63.2205,,,63.4512,,,
624924870,,,,,,,62.4323,62.795,63.2335,,,,,,,62.9861,,,,,,,63.6548,,,,63.1486,,,63.8198,,,
624924880,,,,,,,62.4103,62.8619,63.1709,,,,,,,62.846,,,,,,,63.8271,,,,63.0976,,,63.0482,,,
624924900,,,,,,,62.4175,62.7905,63.2193,,,,,,,62.8835,,,,,,,63.7038,,,,63.1993,,,62.6338,,,
624925510,,,63.8793,,,,62.4851,61.9547,63.0352,,62.8694,,,,,,,,,,,,63.2201,,,,,,,,,,
624925520,,,63.3978,,,,62.7701,61.8217,63.0297,,63.14,,,,,,,,,,,,63.2984,,,,,,,,,,
624925890,63.7283,,63.7744,,,,,61.9629,62.7739,,62.8221,,,,,,63.5017,,,,,62.5047,62.7927,,,,,62.148,,,,,
624925900,63.6485,,63.8258,,,,,62.1813,62.6199,,62.6588,,,,,,63.3149,,,,,62.5148,62.7499,,,,,62.3108,,,,,
624925910,63.8065,,63.7499,,,,,62.2567,62.8204,,62.7698,,,,,,62.8714,,,,,62.4853,62.9004,,,,,61.9491,,,,,
624925920,63.7889,,63.7936,,,,,62.4681,62.6017,,62.7965,,,,,,63.2529,,,,,62.5346,62.8208,,,,,62.3602,,,,,
624925930,63.8473,,63.7455,,,,,62.0792,62.7038,,62.7418,,,,,,63.2188,,,,,62.5972,62.9077,,,,,61.6681,,,,,
624925940,63.6324,,63.7376,,,,,61.9361,63.1821,,62.6784,,,,,,63.5439,,,,,62.3866,62.7939,,,,,62.1778,,,,,
624925950,63.7401,,63.5947,,,,,61.9384,62.9031,,62.8189,,,,,,63.2572,,,,,62.2965,62.8957,,,,,61.5514,,,,,
624925960,63.8347,,63.6377,,,,,62.5151,62.7486,,62.7468,,,,,,62.9552,,,,,62.701,62.8101,,,,,61.8734,,,,,
624925970,63.8972,,63.5654,,,,,61.9761,63.0268,,62.995,,,,,,63.2176,,,,,62.355,62.7925,,,,,61.5943,,,,,
624925980,63.7015,,63.5594,,,,,62.3005,63.0896,,62.6554,,,,,,62.82,,,,,62.3373,62.8041,,,,,61.5015,,,,,
624929320,,,,,,,,,,62.5656,,,62.9278,,62.9274,,,,,63.291,62.5542,,,,,,63.5072,,,,,,
624929330,,,,,,,,,,62.4895,,,63.3211,,63.0005,,,,,63.3098,62.5963,,,,,,63.6886,,,,,,
624930620,,,,,,,62.5565,61.8941,63.0815,,,,63.1167,,,,,,,,,,,,,,,62.7217,,62.7043,,,
624930630,,,,,,,62.6886,62.3117,63.3043,,,,63.1798,,,,,,,,,,,,,,,62.7841,,62.7111,,,
624930640,,,,,,,62.6941,62.1883,63.0915,,,,62.7625,,,,,,,,,,,,,,,62.659,,62.7052,,,
624930650,,,,,,,62.647,62.2763,63.137,,,,63.0484,,,,,,,,,,,,,,,62.6312,,62.768,,,
624930660,,,,,,,62.5782,62.1771,63.2883,,,,63.0365,,,,,,,,,,,,,,,62.7375,,62.8137,,,
624930670,,,,,,,62.5759,62.4679,63.2938,,,,62.8497,,,,,,,,,,,,,,,62.6388,,62.82,,,
624932150,,62.8391,63.3424,,,62.8658,,,62.8706,,,63.3048,,,,,62.9216,,62.742,,,,62.984,,,,,,,,,,
624932160,,62.8499,63.6661,,,62.8509,,,62.7567,,,62.9898,,,,,63.0045,,62.7033,,,,63.1083,,,,,,,,,,
624932170,,62.6311,63.4278,,,62.8547,,,62.8661,,,63.2616,,,,,62.9707,,62.6228,,,,63.2634,,,,,,,,,,
624932180,,63.0403,63.4036,,,62.8175,,,62.9477,,,63.4668,,,,,62.8589,,62.642,,,,63.0986,,,,,,,,,,
624932190,,62.9658,63.4105,,,62.8418,,,62.9398,,,62.9901,,,,,62.9396,,62.5051,,,,62.7614,,,,,,,,,,
624932200,,63.0138,63.8476,,,62.8926,,,62.7452,,,63.1025,,,,,62.8643,,62.5338,,,,63.0452,,,,,,,,,,
624932210,,63.2784,63.4757,,,62.8474,,,62.8952,,,62.8865,,,,,62.9676,,62.5958,,,,63.0043,,,,,,,,,,
624932220,,62.847,63.1919,,,62.8615,,,62.8693,,,62.9184,,,,,62.7462,,62.5261,,,,63.0561,,,,,,,,,,
624932230,,62.7086,63.5875,,,62.8696,,,62.8365,,,63.3031,,,,,62.6989,,62.6439,,,,63.0735,,,,,,,,,,
624932240,,63.2155,63.8528,,,62.8547,,,62.687,,,62.6854,,,,,62.7531,,62.5339,,,,63.0463,,,,,,,,,,
624932250,,62.9802,63.613,,,62.921,,,62.8574,,,63.093,,,,,62.8964,,62.4627,,,,63.1493,,,,,,,,,,
624932260,,62.7789,63.8349,,,62.9078,,,62.7259,,,62.9532,,,,,62.621,,62.4944,,,,63.0462,,,,,,,,,,
624932270,,62.9495,63.4078,,,62.9407,,,62.6565,,,63.2257,,,,,62.9255,,62.4653,,,,62.9729,,,,,,,,,,
624932280,,62.771,63.3063,,,62.8962,,,62.6202,,,62.8851,,,,,62.7842,,62.4195,,,,63.0004,,,,,,,,,,
624932290,,62.554,63.2451,,,62.8988,,,62.5858,,,62.8299,,,,,62.895,,62.4791,,,,63.0408,,,,,,,,,,
624932300,,62.9944,63.2925,,,62.8305,,,62.9993,,,62.7325,,,,,62.5269,,62.4879,,,,63.0321,,,,,,,,,,
624932310,,63.1374,63.3753,,,62.7876,,,62.8613,,,62.9393,,,,,62.8937,,62.5377,,,,62.8906,,,,,,,,,,
624932320,,62.7432,63.3436,,,62.8037,,,63.0105,,,63.0849,,,,,62.5622,,62.4799,,,,63.0554,,,,,,,,,,
624932330,,63.0575,63.2506,,,62.7724,,,62.7162,,,63.056,,,,,62.9432,,62.5189,,,,63.0899,,,,,,,,,,
624932340,,62.9,63.4334,,,62.8271,,,62.7898,,,62.7623,,,,,62.6057,,62.5866,,,,63.0498,,,,,,,,,,
624932350,,62.9849,63.4142,,,62.7938,,,62.6395,,,63.0246,,,,,62.8165,,62.6515,,,,63.0106,,,,,,,,,,
624932360,,63.1313,63.5065,,,62.8002,,,63.1637,,,63.1178,,,,,62.49,,62.4895,,,,62.8722,,,,,,,,,,
624932370,,62.9673,63.5068,,,62.7347,,,62.9897,,,62.8619,,,,,62.7189,,62.6004,,,,62.8364,,,,,,,,,,
624932380,,62.718,63.3632,,,62.751,,,62.7037,,,63.0744,,,,,63.0263,,62.4614,,,,62.8011,,,,,,,,,,
624932390,,62.7477,63.3994,,,62.8333,,,62.7322,,,63.0587,,,,,62.8812,,62.6637,,,,62.6889,,,,,,,,,,
624932400,,62.9974,63.12,,,62.7991,,,62.7917,,,62.5463,,,,,63.0277,,62.6645,,,,62.726,,,,,,,,,,
624932410,,62.8598,63.3674,,,62.8301,,,62.9353,,,62.7479,,,,,,,62.7129,,,,62.9362,,,,,,,,,,
624932420,,62.9734,63.4552,,,62.8266,,,62.8215,,,62.6052,,,,,,,62.6077,,,,62.8589,,,,,,,,,,
624932430,,62.8703,63.4738,,,62.8207,,,62.9691,,,62.8589,,,,,,,62.6912,,,,62.6988,,63.7422,,,,,,,,
624932440,,63.0451,63.4686,,,62.832,,,62.9663,,,62.5463,,,,,,,62.6229,,,,62.8052,,63.7522,,,,,,,,
624932450,,62.8191,63.3548,,,62.8884,,,63.2487,,,62.7671,,,,,,,62.5308,,,,62.6749,,63.8811,,,,,,,,
624932460,,62.752,63.1842,,,62.879,,,63.2142,,,62.4719,,,,,,,62.6165,,,,62.8989,,63.5058,,,,,,,,
624932470,,63.0479,63.4982,,,62.9306,,,63.018,,,62.7282,,,,,,,62.8391,,,,62.9179,,64.3845,,,,,,,,
624932480,,62.778,63.5992,,,62.931,,,62.9585,,,63.1399,,,,,,,62.4971,,,,62.8103,,63.9859,,,,,,,,
624932490,,62.9271,63.2676,,,62.9374,,,62.6349,,,63.0308,,,,,,,62.9295,,,,62.9222,,64.099,,,,,,,,
624932500,,63.0487,63.2159,,,62.902,,,62.9887,,,62.8037,,,,,,,62.4931,,,,62.9844,,63.6481,,,,,,,,
624932510,,62.8901,63.5428,,,62.8639,,,62.7795,,,62.7343,,,,,,,62.9852,,,,62.9151,,63.8132,,,,,,,,
624932520,,62.9655,63.1915,,,62.9,,,63.002,,,62.7499,,,,,,,62.5443,,,,62.9065,,63.6689,,,,,,,,
624932530,,62.9913,63.0528,,,62.8687,,,62.7378,,,62.8052,,,,,,,62.3702,,,,62.938,,63.8469,,,,,,,,
624936590,,,,,63.4605,,,,,,,,63.4388,,62.7272,,63.2653,,63.3125,,,,,,,,,61.8183,,63.5276,,,
624936600,,,,,63.1738,,,,,,,,63.3984,,62.7449,,63.2388,,63.2751,,,,,,,,,61.8355,,63.0411,,,
624936610,,,,,62.8895,,,,,,,,63.425,,62.8251,,63.2266,,63.4159,,,,,,,,,61.7746,,62.8313,,,
624936620,,,,,62.8967,,,,,,,,63.4937,,62.7556,,63.1431,,63.3298,,,,,,,,,61.9381,,63.0952,,,
624936630,,,,,62.7979,,,,,,,,63.4132,,62.8955,,63.2472,,63.3541,,,,,,,,,61.7327,,63.0707,,,
624936640,,,,,62.3346,,,,,,,,63.4225,,62.8318,,63.1864,,63.3377,,,,,,,,,61.761,,62.9133,,,
624937430,,63.1963,,,62.9558,62.899,,,63.3841,,,62.3015,,,,,,,62.8255,,,,,,,,,,,,,,
624937440,,63.1983,,,62.928,62.7435,,,63.826,,,62.1206,,,,,,,62.9708,,,,,,,,,,,,,,
624937450,,63.1027,,,62.9009,62.6404,,,63.8092,,,62.5626,,,,,,,62.8862,,,,,,,,,,,,,,
624937460,,63.1117,,,62.9346,62.754,,,63.5586,,,62.3059,,,,,,,62.8753,,,,,,,,,,,,,,
624937470,,63.1284,,,63.0281,62.7667,,,63.1737,,,62.7357,,,,,,,62.8469,,,,,,,,,,,,,,
624937480,,63.0675,,,62.9478,62.8132,,,63.0048,,,62.4396,,,,,,,62.7748,,,,,,,,,,,,,,
624937490,,63.1982,,,62.9871,62.7651,,,63.2008,,,62.5557,,,,,,,62.776,,,,,,,,,,,,,,
624937500,,63.2476,,,62.9582,62.6719,,,63.182,,,62.3451,,,,,,,62.7025,,,,,,,,,,,,,,
624937510,,63.1353,,,63.0166,62.6698,,,63.1339,,,62.6075,,,,,,,62.555,,,,,,,,,,,,,,
624937520,,63.3109,,,62.827,62.7321,,,62.8911,,,62.3552,,,,,,,62.7584,,,,,,,,,,,,,,
624937530,,63.2219,,,63.0233,62.7914,,,63.3487,,,62.2312,,,,,,,62.6781,,,,,,,,,,,,,,
624937540,,63.3123,,,62.9581,62.6478,,,63.3965,,,62.2629,,,,,,,62.7501,,,,,,,,,,,,,,
624937550,,63.274,,,62.906,62.4993,,,62.9799,,,62.3443,,,,,,,62.7831,,,,,,,,,,,,,,
624937560,,63.2082,,,62.995,62.8021,,,62.5436,,,62.2732,,,,,,,62.5592,,,,,,,,,,,,,,
624937570,,63.1823,,,62.9408,62.6247,,,63.6712,,,61.9223,,,,,,,62.9321,,,,,,,,,,,,,,
624937580,,63.2555,,,63.009,62.7603,,,62.887,,,61.9383,,,,,,,62.5571,,,,,,,,,,,,,,
624937590,,63.2521,,,62.8544,62.5212,,,62.9628,,,61.7695,,,,,,,62.5584,,,,,,,,,,,,,,
624937600,,63.3373,,,62.8043,62.5635,,,63.3916,,,62.3867,,,,,,,62.6099,,,,,,,,,,,,,,
624938230,,63.041,,,62.8164,62.4751,,,62.8759,,,,,,,,,,,,,,63.3372,,,62.6346,,,63.164,,,,
624941490,63.3679,,,,,,,,,62.8382,,,,,63.6249,,63.175,,63.934,,,,,65.9027,,,,61.8918,,,,,
624941500,62.9047,,,,,,,,,62.9368,,,,,64.5813,,63.0533,,63.3485,,,,,65.9197,,,,62.1636,,,,,
624941510,63.8686,,,,,,,,,63.089,,,,,63.5146,,62.911,,63.2823,,,,,66.0186,,,,,,,,,
624944370,,,,,62.6012,,63.1271,,62.9281,,,,,,,62.7633,,,,,,,63.5992,,,62.995,63.3517,,,,,,
624944380,,,,,62.5656,,63.0135,,62.9935,,,,,,,62.6431,,,,,,,63.5006,,,63.0181,62.853,,,,,,
624944390,,,,,63.0681,,63.0874,,62.9523,,,,,,,62.6895,,,,,,,63.7411,,,63.3782,62.675,,,,,,
624944400,,,,,62.6562,,63.0839,,62.9836,,,,,,,62.8291,,,,,,,64.2162,,,62.6005,62.9496,,,,,,
624944410,,,,,62.794,,63.1097,,63.0286,,,,,,,62.692,,,,,,,63.606,,,63.4283,62.6295,,,,,,
624944420,,,,,62.5554,,63.0709,,62.9393,,,,,,,62.6647,,,,,,,63.8254,,,62.7632,62.9337,,,,,,
624945440,,,63.6156,,,,,62.0359,62.3495,,62.9254,,,,,,,,,,,62.6743,62.978,,,,62.4843,,,,,,
624945450,,,63.39,,,,,62.1039,62.3846,,62.9997,,,,,,,,,,,62.3332,62.9526,,,,62.7578,,,,,,
624945460,,,63.2261,,,,,62.0868,62.3803,,62.9359,,,,,,,,,,,62.8751,62.9443,,,,63.1101,,,,,,
624945470,,,63.5558,,,,,62.1165,62.3084,,62.7108,,,,,,,,,,,62.2753,62.9398,,,,62.6157,,,,,,
624949250,,,,,,,,,,,,,63.1929,,62.9262,,,,,62.7175,62.6741,,,,,,63.0868,,63.0535,,,,
624949260,,,,,,,,,,,,,63.1342,,63.0278,,,,,62.7144,62.6958,,,,,,62.7908,,62.6123,,,,
624949430,,,,,62.9365,,,,,,,,63.0507,,63.2552,62.6171,,,,62.8272,62.6332,,,,,,63.2977,,,,,,
624949440,,,,,63.2135,,,,,,,,63.0985,,63.5164,63.0279,,,,62.7311,62.6351,,,,,,62.8147,,,,,,
624949450,,,,,63.0412,,,,,,,,63.2717,,63.3459,62.488,,,,62.6753,62.6337,,,,,,63.1158,,,,,,
624949480,,,,,62.9992,,,,,,,,63.0632,,63.4425,62.7685,,,,62.7335,62.7594,,,,,,63.0644,,,,,,
624949520,,,,,63.265,,,,,,,,62.8325,,63.2903,63.167,,,,62.7984,62.7554,,,,,,63.1612,,,,,,
624949540,,,,,63.0436,,,,,,,,62.9222,,63.015,63.1414,,,,62.8042,62.7683,,,,,,62.9881,,,,,,
624949560,,,,,62.9041,,,,,,,,63.1679,,63.0925,62.8505,,,,63.2255,62.7609,,,,,,63.0294,,,,,,
624950300,,,,,,,62.9217,62.6976,62.2146,,,,,,,,,,,,,,,,,,62.4353,61.9248,,62.4256,,,
624950310,,,,,,,62.8595,62.6737,62.8889,,,,,,,,,,,,,,,,,,62.8497,60.4243,,62.4088,,,
624950320,,,,,,,62.857,62.7144,62.9544,,,,,,,,,,,,,,,,,,62.8699,60.9392,,62.422,,,
624950330,,,,,,,62.9054,62.8067,63.2487,,,,,,,,,,,,,,,,,,62.9236,61.6577,,62.4414,,,
624950340,,,,,,,62.8822,62.6647,63.025,,,,,,,,,,,,,,,,,,63.0419,61.2364,,62.4403,,,
624950350,,,,,,,62.9208,62.8602,62.9027,,,,,,,,,,,,,,,,,,62.7984,61.9708,,62.4567,,,
624950360,,,,,,,62.9399,62.8271,62.8912,,,,,,,,,,,,,,,,,,62.2753,61.6544,,62.3946,,,
624950370,,,,,,,62.9716,62.8223,62.848,,,,,,,,,,,,,,,,,,62.2479,61.7515,,62.2827,,,
624950380,,,,,,,62.8882,62.649,62.9725,,,,,,,,,,,,,,,,,,62.8143,61.5588,,62.3423,,,
624950390,,,,,,,62.8959,62.7741,63.0671,,,,,,,,,,,,,,,,,,63.2225,61.4259,,62.2488,,,
624952110,,,63.1539,,,62.799,,,62.1001,,,62.7774,,,,,62.4397,,62.7798,,,62.4617,62.9103,,,,,,,,,,
624952120,,,63.1809,,,62.7951,,,62.3932,,,63.1994,,,,,62.3831,,62.8593,,,62.7283,63.2293,,,,,,,,,,
624952130,,,63.2177,,,62.8377,,,62.1659,,,63.3839,,,,,62.4105,,62.7987,,,63.1048,62.9794,,,,,,,,,,
624952150,,,63.247,,,62.8185,,,62.5324,,,63.3974,,,,,62.3083,,62.8407,,,62.706,63.0963,,,,,,,,,,
624953830,,,,,,,,,,63.1706,,,,62.3925,,,,,,,,,,,,63.2728,,,62.7924,,61.725,62.6857,
624953840,,,,,,,,,,63.4093,,,,62.1975,,,,,,,,,,,,62.9924,,,62.8577,,62.5652,62.6542,
624953850,,,,,,,,,,63.019,,,,62.2979,,,,,,,,,,,,63.137,,,62.913,,61.7141,62.6994,
624953860,,,,,,,,,,63.0804,,,,62.1027,,,,,,,,,,,,63.0543,,,62.7445,,62.3308,62.7177,
624953870,,,,,,,,,,63.1662,,,,62.1712,,62.6082,,,,,,,,,,62.8649,,,62.8729,,61.889,62.6829,
624954150,,,,,,,,,,63.0203,,,,62.0819,,62.5466,,,,,63.088,,,,,62.7381,62.3309,,63.0137,,,62.7145,
624954650,,,,,,,,63.3554,,63.1015,,,,,,,,,,62.7504,62.6713,,,,,,62.7487,,,,,61.7862,
624957760,,63.4608,,,63.6986,62.3561,,,62.7166,,,,,,,,,,,,,,63.6526,,,,,,,,,,
624957770,,63.4946,,,63.0097,62.3708,,,62.9954,,,,,,,,,,,,,,63.2528,,,,,,,,,,
624957780,,63.438,,,63.7796,62.4334,,,62.9217,,,,,,,,,,,,,,63.4558,,,,,,,,,,
624957790,,63.4554,,,63.3826,62.3951,,,62.8871,,,,,,,,,,,,,,63.5121,,,,,,,,,,
624957800,,63.459,,,63.1521,62.4065,,,62.6395,,,,,,,,,,,,,,63.4857,,,,,,,,,,
624957810,,63.3613,,,63.9241,62.5017,,,62.5388,,,,,,,,,,,,,,63.6565,,,,,,,,,,
624959220,,,,,,,,,,,,,,78.8649,,62.5291,,,,,,,62.7847,,,62.903,62.7517,,,,62.3029,,
624959230,,,,,,,,,,,,,,78.7474,,62.5721,,,,,,,62.7498,,,62.8849,63.5365,,,,62.1664,,
624959240,,,,,,,,,,,,,,78.5023,,62.5557,,,,,,,62.4936,,,62.9189,63.2717,,,,62.1236,,
624959250,,,,,,,,,,,,,,78.5674,,62.6583,,,,,,,62.4142,,,62.8671,63.4833,,,,62.2423,,
624959260,,,,,,,,,,,,,,78.6503,,62.682,,,,,,,62.53,,,62.8654,63.1725,,,,62.2787,,
624959270,,,,,,,,,,,,,,78.4739,,62.6342,,,,,,62.4667,62.6588,,,62.8756,63.1929,,,,62.2502,,
624959280,,,,,,,,,,,,,,78.4393,,62.6808,,,,,,62.8376,62.8912,,,62.8898,63.6779,,,,62.3448,,
624959290,,,,,,,,,,,,,,78.5875,,62.5996,,,,,,63.0014,62.5294,,,62.8189,63.3796,,,,62.4889,,
624959410,,,,,,,,,,,,,,78.4016,,62.502,,,,,,62.9228,,,,62.7539,63.2277,,,,62.5186,62.8967,
624959420,,,,,,,,,,,,,,78.2553,,62.4213,,,,,,62.7236,,,,62.5985,63.0422,,,,62.3815,63.0168,
624959430,,,,,,,,,,,,,,78.3238,,62.4246,,,,,,62.9329,,,,62.7667,63.1768,,,,62.1549,62.9703,
624959440,,,,,,,,,,,,,,78.253,,62.4764,,,,,,63.1826,,,,62.6456,63.1473,,,,62.2511,62.8235,
624959450,,,,,,,,,,,,,,78.195,,62.5536,,,,,,62.7269,,,,62.7041,63.3514,,,,62.2129,63.1032,
624959460,,,,,,,,,,,,,,78.4112,,62.4932,,,,,,62.916,,,,62.8361,63.2988,,,,62.3609,62.739,
624959470,,,,,,,,,,,,,,78.2382,,62.508,,,,,,62.9253,,,,62.7129,63.2365,,,,62.2654,62.8995,
624959480,,,,,,,,,,,,,,78.3742,,62.5032,,,,,,62.6169,,,,62.6387,63.1667,,,,62.31,62.8367,
624959490,,,,,,,,,,,,,,78.1333,,62.4211,,,,,,63.1437,,,,62.6388,63.2196,,,,62.6322,62.8668,
624959500,,,,,,,,,,,,,,78.2645,,62.5238,,,,,,62.9939,,,,62.5935,63.3296,,,,62.4135,63.1121,
624959510,,,,,,,,,,,,,,78.2016,,62.5528,,,,,,63.1595,,,,62.6358,63.2927,,,,62.3435,63.1823,
624959520,,,,,,,,,,,,,,78.2675,,62.5132,,,,,,62.8608,,,,62.62,63.284,,,,62.5101,63.0053,
624959530,,,,,,,,,,,,,,78.2323,,62.4224,,,,,,63.1373,,,,62.662,63.1157,,,,62.5505,63.3732,
624959540,,,,,,,,,,,,,,78.2324,,62.4492,,,,,,62.7736,,,,62.4389,63.1621,,,,62.4666,63.1503,
624959550,,,,,,,,,,,,,,78.1914,,62.3861,,,,,,62.4262,,,,62.6649,63.1362,,,,62.0376,62.8337,
624959560,,,,,,,,,,,,,,78.1942,,62.4278,,,,,,63.1082,,,,62.7929,63.1463,,,,62.2489,62.731,
624959570,,,,,,,,,,,,,,78.151,,62.2859,,,,,,62.94,,,,62.4044,63.0993,,,,62.4712,63.0808,
624959580,,,,,,,,,,,,,,78.1245,,62.3035,,,,,,62.4918,,,,62.7289,63.1432,,,,62.3026,63.2616,
624959590,,,,,,,,,,,,,,78.18,,62.3896,,,,,,63.0991,,,,62.6153,63.2603,,,,62.2589,62.927,
624959600,,,,,,,,,,,,,,78.1583,,62.2881,,,,,,62.922,,,,62.6216,63.1633,,,,62.1134,63.1501,
624959610,,,,,,,,,,,,,,78.2205,,62.4662,,,,,,62.4715,,,,62.7751,63.1596,,,,62.1065,63.046,
624962390,,,,,63.3739,,,,,,,62.8396,62.5885,,62.7813,,,,62.7553,,,,,62.9641,,,,,,,,,
624962400,,,,,63.2633,,,,,,,62.7382,62.4685,,62.896,,,,62.9392,,,,,62.8979,,,,,,,,,
624962410,,,,,63.2348,,,,,,,62.8071,62.5743,,62.8331,,,,62.8387,,,,,63.1052,,,,,,,,,
624962420,,,,,62.8083,,,,,,,62.841,62.5684,,62.8232,,,,62.8725,,,,,62.9457,,,,,,,,,
624965060,,,64.4217,,,,,63.4977,62.8948,,,,,,,63.0588,,,,,,,63.4318,,,,62.8575,,,,,,
624965070,,,63.8243,,,,,63.484,62.7647,,,,,,,62.3768,,,,,,,63.3686,,,,62.9187,,,,,,
624965080,,,64.0894,,,,,63.4519,62.6623,,,,,,,62.1509,,,,,,,63.3626,,,,62.8983,,,,,,
624965090,,,63.7707,,,,,63.4512,62.7124,,,,,,,62.1359,,,,,,,63.2597,,,,62.7925,,,,,,
624967120,,,,,,,,,,,,63.1032,,,,,62.7433,,63.1092,,,,,61.4637,63.526,,,,,,,62.4967,
624967600,,,,,,,,,,62.5028,,62.8927,,,63.5145,,,,,,,,,61.5187,63.0634,,,,,,,62.7145,
624967610,,,,,,,,,,62.9273,,62.899,,,62.9365,,,,,,,,,61.402,63.0631,,,,,,,62.6298,
624967620,,,,,,,,,,63.3154,,62.9476,,,63.4918,,,,,,,,,61.3581,63.0774,,,,,,,62.6074,
624967630,,,,,,,,,,63.1165,,63.0017,,,63.8057,,,,,,,,,61.4798,63.0186,,,,,,,62.7183,
624967640,,,,,,,,,,62.6727,,62.9571,,,63.4665,,,,,,,,,61.4747,62.9522,,,,,,,62.2916,
624967650,,,,,,,,,,62.8394,,62.9467,,,63.1192,,,,,,,,,61.4461,62.9781,,,,,,,62.4672,
624967660,,,,,,,,,,63.2168,,62.9724,,,63.5358,,,,,,,,,61.4048,62.9838,,,,,,,62.6725,
624967670,,,,,,,,,,62.6691,,62.8785,,,63.3804,,,,,,,,,61.4022,62.9693,,,,,,,62.403,
624967680,,,,,,,,,,63.8008,,62.9245,,,63.1271,,,,,,,,,61.4562,63.0212,,,,,,,62.5045,
624967690,,,,,,,,,,62.2989,,63.0092,,,63.5926,,,,,,,,,61.4208,62.9343,,,,,,,62.7889,
624967700,,,,,,,,,,62.797,,62.9468,,,63.5415,,,,,,,,,61.3603,62.9759,,,,,,,62.8907,
624967710,,,,,,,,,,62.8597,,62.9308,,,63.1443,,,,,,,,,61.3484,62.9339,,,,,,,62.289,
624967720,,,,,,,,,,62.5147,,62.9355,,,63.5816,,,,,,,,,61.4062,62.8878,,,,,,,62.7982,
624967730,,,,,,,,,,62.3023,,62.9029,,,63.5792,,,,,,,,,61.3367,62.9036,,,,,,,62.783,
624967740,,,,,,,,,,62.4981,,62.9228,,,63.402,,,,,,,,,61.427,62.918,,,,,,,62.6701,
624967750,,,,,,,,,,63.1473,,62.8668,,,63.5244,,,,,,,,,61.3233,62.8535,,,,,,,63.0159,
624967760,,,,,,,,,,62.438,,62.8381,,,63.8079,,,,,,,,,61.4472,62.896,,,,,,,62.577,
624967770,,,,,,,,,,62.4433,,62.8698,,,63.4405,,,,,,,,,61.3556,62.8931,,,,,,,63.1606,
624967780,,,,,,,,,,62.7693,,62.8358,,,63.5007,,,,,,,,,61.3337,62.8531,,,,,,,62.8892,
624968410,,,,,,,,,,,,,62.264,,62.8223,,,,,62.3925,,,,,62.7623,,,,62.7979,,,,
624968420,,,,,,,,,,,,,62.7821,,62.815,,,,,62.6416,,,,,62.6258,,,,62.8667,,,,
624968430,,,,,,,,,,,,,62.5027,,62.7541,,,,,62.6132,,,,,62.5471,,,,62.8423,,,,
624968440,,,,,,,,,,,,,62.7184,,62.7631,,,,,62.7444,,,,,62.7222,,,,62.821,,,,
624968450,,,,,,,,,,,,,62.5947,,62.8336,,,,,62.6645,,,,,62.3749,,,,62.7925,,,,
624968460,,,,,,,,,,,,,62.6578,,62.7614,,,,,62.7626,63.3579,,,,62.5428,,,,62.828,,,,
624968470,,,,,,,,,,,,,62.9317,,62.6386,,,,,62.4907,62.9974,,,,62.6824,,,,62.8801,,,,
624968480,,,,,,,,,,,,,62.1846,,62.7246,,,,,62.5312,63.5016,,,,62.2621,,,,62.8451,,,,
624968490,,,,,,,,,,,,,63.1199,,62.8856,,,,,62.8663,63.5165,,,,62.503,,,,62.9187,,,,
624968500,,,,,,,,,,,,,62.9822,,62.8518,,,,,62.5728,63.421,,,,62.5505,,,,62.8518,,,,
624968510,,,,,,,,,,,,,62.7148,,62.766,,,,,62.5215,63.1769,,,,62.582,,,,62.9358,,,,
624968520,,,,,,,,,,,,,62.6786,,62.6961,,,,,62.4709,63.4946,,,,62.6201,,,,62.8777,,,,
624968530,,,,,,,,,,,,,62.7439,,62.7368,,,,,62.8191,63.3791,,,,62.3785,,,,62.9135,,,,
624968540,,,,,,,,,,,,,62.6255,,62.7655,,,,,62.6137,62.7671,,,,62.3916,,,,62.9058,,,,
624968550,,,,,,,,,,,,,62.8685,,62.7025,,,,,62.7447,63.5082,,,,62.6943,,,,62.8899,,,,
624970020,,,,,62.3475,,62.8684,64.4566,63.3459,,,,,,,,,,,,,,,,,,63.2398,,,62.769,,,
624970030,,,,,63.1347,,62.8583,63.6915,63.0002,,,,,,,,,,,,,,,,,,62.97,,,62.7191,,,
624970040,,,,,62.9269,,62.8087,63.4508,63.4094,,,,,,,,,,,,,,,,,,62.8258,,,62.8392,,,
624971570,,,63.6697,,,62.7052,,,62.8144,,,,,,,,62.1247,,63.1858,,,63.0124,63.0409,,,,,,,,,,
624971580,,,63.8433,,,62.7033,,,62.6761,,,,,,,,62.092,,63.0514,,,63.4741,62.9537,,,,,,,,,,
624971590,,,63.7391,,,62.2179,,,62.6159,,,,,,,,62.112,,62.9838,,,63.0705,62.9749,,,,,,,,,,
624971600,,,63.8142,,,62.4393,,,62.9891,,,,,,,,62.1215,,63.2656,,,63.5092,62.9303,,,,,,,,,,
624971610,,,63.8498,,,62.0357,,,62.6552,,,,,,,,62.124,,63.0647,,,63.3206,63.1674,,,,,,,,,,
624971620,,,63.505,,,62.4004,,,62.6573,,,,,,,,62.1055,,63.022,,,63.4743,62.9144,,,,,,,,,,
624971630,,,63.8445,,,61.971,,,62.6496,,,,,,,,62.1774,,63.0967,,,63.592,63.1695,,,,,,,,,,
624971640,,,63.8251,,,62.2098,,,62.8133,,,,,,,,62.0839,,63.0156,,,63.8327,62.8911,,,,,,,,,,
624971650,,,63.7733,,,62.4847,,,62.8188,,,,,,,,62.1673,,63.024,,,63.9813,62.8934,,,,,,,,,,
624971660,,,63.8362,,,62.6902,,,62.6884,,,,,,,,62.1697,,62.9622,,,63.4535,62.8979,,,,,,,,,,
624971670,,,63.7127,,,62.6387,,,62.6531,,,,,,,,62.0883,,63.1459,,,63.3054,63.0346,,,,,,,,,,
624971680,,,63.6906,,,62.5701,,,62.1491,,,,,,,,62.1393,,62.9293,,,62.8333,62.9619,,,,,,,,,,
624971690,,,63.7864,,,62.3926,,,62.8196,,,,,,,,62.0771,,62.9599,,,63.4138,63.1995,,,,,,,,,,
624973790,,,,,,,,,,62.6968,,,,62.34,,,,,,62.5675,,,,,62.4619,63.0742,,,63.0971,,,62.2712,
624973800,,,,,,,,,,62.6326,,,,62.5649,,,,,,63.3994,,,,,62.9655,63.022,,,63.0869,,,62.3664,
624973810,,,,,,,,,,62.629,,,,62.1977,,,,,,62.9717,,,,,63.0951,63.0287,,,63.1121,,,62.3029,
624974260,,,,,,,,,,62.8503,,,,,,62.3135,,,,62.5496,62.7316,,,,,,63.0917,,62.7623,,,62.0207,
624974270,,,,,,,,,,62.8997,,,,,,62.385,,,,62.6318,62.7139,,,,,,63.3009,,62.3689,,,62.1806,
624974280,,,,,,,,,,62.9394,,,,,,62.7296,,,,62.6732,62.6513,,,,,,63.2223,,62.6562,,,61.7546,
