Ионосферная комбинация	Время, с	Вклад, м
0	0
765374480,6.06331
765374490,5.78548
765374500,5.92382
765374510,6.07761
765374520,6.14175
765374530,6.10722
765374540,6.12482
765374550,5.98637
765374560,5.92972
765374570,5.89306
765374580,5.95346
765374590,5.44716
765374600,5.7298
765374610,6.01958
765374620,5.834
765374630,5.54192
765374640,5.78827
765374650,5.92823
765374660,5.76497
765374670,5.61645
765374680,5.75602
765374690,5.68376
765374700,6.12605
765374710,5.69985
765374720,5.64621
765374730,5.63966
765374740,5.40654
765374750,5.47879
765374760,5.77341
765374770,5.61158
765374780,5.48627
765374790,6.04233
765374990,0.514477
765375000,0.41504
765375010,0.491567
765375020,2.22048
765375030,2.23113
765375040,2.22115
765375050,2.13961
765375060,2.03457
765375070,1.85922
765375080,1.71079
765375090,1.6634
765375100,1.48436
765375110,1.57611
765375120,1.5015
765375130,1.54566
765375140,1.88581
765375150,1.86014
765375160,1.49157
765375170,2.33336
765375180,2.40788
765375190,2.40309
765375200,2.29102
765375210,2.02809
765375220,2.18691
765375230,2.16914
765375240,2.18556
765375250,2.5689
765375260,1.94582
765375270,2.62729
765375280,3.89272
765375290,3.63048
765375300,3.78148
765375310,3.77395
765375320,4.2109
765375330,3.91961
765375340,3.8931
765375350,3.54341
765375890,2.21946
765375900,2.09049
765375910,1.68204
765375920,1.7382
765375930,1.21211
765375940,1.54913
765375950,1.63002
765375960,1.41929
765376820,18.6179
765376850,16.7789
765376860,16.0765
765376870,15.6572
765376880,15.1491
765376890,14.814
765376900,14.3599
765376910,14.1926
765376920,13.9195
765376930,13.7468
765376940,13.7632
765376950,13.4059
765376960,13.7214
765376970,13.504
765376980,13.4415
765376990,13.4981
765377000,12.0696
765377010,12.3368
765377020,11.9883
765377030,12.1046
765377040,12.2221
765377050,11.8449
765377060,12.8281
765377070,13.0407
765377080,12.8027
765377090,13.2141
765377100,13.3693
765377110,13.6019
765377120,14.809
765377130,14.4364
765377140,15.2288
765377150,15.8026
765377160,16.7887
765377170,17.9498
765377180,18.1754
765377190,19.142
765377390,3.82268
765377400,3.77985
765377410,3.49083
765377420,3.19814
765377430,3.55162
765377440,3.46599
765377450,2.98303
765377460,3.14589
765377470,3.13089
765377480,2.95598
765377490,3.13773
765377500,2.85473
765377510,2.81279
765377520,3.09072
765377530,2.65096
765377540,2.67299
765377550,2.55996
765377560,2.79961
765377570,2.98785
765377580,2.75015
765377590,2.70977
765377600,2.68382
765377610,2.77317
765377620,2.87853
765377630,2.83178
765377640,2.99405
765377650,2.75764
765377660,11.1048
765377670,11.4031
765377680,11.1277
765377690,11.5571
765377700,11.1551
765377710,11.9161
765377720,12.3829
765377730,12.0802
765377740,11.3167
765377750,11.426
765377760,11.709
765377770,12.1162
765377780,12.0052
765377790,12.291
765377800,11.753
765377810,12.641
765379690,6.13749
765379700,6.18983
765379710,5.94532
765379720,6.02264
765379730,5.97476
765379740,6.15403
765379750,6.02939
765379760,5.89107
765379770,5.89625
765380290,3.43188
765380300,3.20498
765380310,3.06102
765380320,3.12129
765380330,2.98789
765380340,3.29774
765380350,3.54516
765380360,3.5602
765380370,2.90886
765380380,3.6207
765380700,3.8295
765380710,3.97952
765380720,3.83622
765380730,3.87276
765380740,3.89422
765380750,4.2844
765380760,3.88616
765380770,4.04609
765380780,4.00289
765380790,3.88606
765380800,3.99463
765380810,4.12872
765380820,3.92104
765380830,3.78461
765380840,3.82339
765380850,4.29225
765380860,4.33076
765381470,4.38486
765381480,3.9895
765381490,3.98374
765381500,4.36989
765381510,6.10852
765381520,6.49832
765381530,6.31711
765381540,6.30612
765381550,6.26049
765381560,6.17972
765381570,6.73889
765381580,6.33866
765381590,4.97966
765381600,5.18667
765381610,4.89085
765381620,4.62379
765381630,4.45798
765381640,4.89774
765381650,4.76558
765381660,5.10215
765381670,4.8885
765381930,6.21355
765381940,6.36333
765381950,5.73923
765381960,5.82052
765381970,6.25729
765381980,5.8765
765381990,5.76617
765382000,6.08744
765382010,5.80619
765382020,5.60359
765382030,5.75595
765382040,5.87053
765382050,6.01663
765382060,7.59712
765382070,7.44169
765382080,7.29757
765382090,7.13151
765382100,6.94759
765382110,10.6356
765382120,10.7861
765382130,10.6382
765382140,10.6211
765382150,10.5853
765382160,11.1504
765382170,10.9373
765382180,11.0151
765382190,10.709
765382200,10.944
765382210,11.2638
765382220,11.0866
765382230,11.3929
765382240,11.3239
765382250,11.7072
765382260,11.9838
765382270,12.1187
765382280,12.3497
765382290,12.5032
765382300,12.9951
765382310,13.5336
765382320,13.5899
765382330,14.2231
765382340,14.8198
765382350,16.1086
765382360,18.5139
765382370,21.5724
765382380,20.6506
765382390,21.198
765382400,20.3449
765382410,19.7329
765382420,18.9354
765382430,17.975
765382440,17.836
765382450,17.0984
765382460,16.9435
765382470,16.0923
765382580,8.48665
765382590,8.24236
765382600,8.34892
765382610,7.90665
765382620,7.87785
765382630,8.34703
765382640,8.04517
765382650,8.2685
765382660,8.60744
765382670,8.13178
765382680,8.58517
765382690,4.08371
765382700,3.58931
765382710,3.89287
765382720,4.12252
765382730,4.15911
765382740,4.37121
765382750,4.52725
765383360,0.805945
765383370,0.918895
765383380,0.905268
765383390,0.726096
765383400,0.85238
765383410,0.743707
765383420,0.885138
765383430,0.928372
765383440,0.929242
765383450,0.761295
765383460,0.799219
765383470,0.768428
765383480,0.741877
765383490,0.681384
765383500,0.720371
765383510,0.841523
765383520,0.651482
765383530,0.615395
765383540,0.580385
765383550,0.562179
765383560,0.502314
765383570,0.520731
765383580,0.540688
765383590,1.9021
765383600,1.82817
765383610,1.69311
765383620,1.94102
765383630,2.06672
765383640,2.07741
765383650,2.34156
765383840,1.43391
765383850,1.56027
765383860,1.76496
765383870,2.0486
765383880,1.93399
765383890,1.72736
765383900,1.82262
765383910,1.98878
765383920,2.27937
765384230,5.87684
765384240,5.74334
765384250,5.86511
765384260,0.742819
765384270,0.475651
765384280,0.461013
765384290,0.564067
765384300,0.527468
765384310,1.88433
765384320,2.02062
765384330,2.05369
765384340,2.31448
765384350,1.76783
765384360,1.74925
765384370,1.81445
765384380,1.97476
765384390,2.01625
765384400,1.99899
765384410,2.04549
765384420,2.04428
765384430,2.37118
765384440,1.72597
765384450,2.1708
765384460,2.2043
765384470,2.20045
765384480,1.89404
765384490,1.71902
765384500,1.98014
765384510,2.25837
765384520,2.00005
765385120,3.16356
765385130,2.97709
765385140,3.39307
765385150,3.05549
765385160,3.07785
765385170,3.31143
765385270,2.47613
765385280,2.10414
765385290,2.306
765385300,2.45793
765385310,2.35045
765385320,2.02609
765385330,2.02687
765385340,2.20704
765385350,1.88124
765385360,2.02218
765385370,2.00766
765385380,1.71152
765385730,6.77257
765385740,6.69909
765385750,6.74246
765385760,6.91614
765385770,6.7102
765385780,6.42469
765385790,6.41434
765385800,6.8999
765385810,6.73582
765385820,6.37564
765385830,6.41917
765385840,6.27062
765385850,6.92347
765385860,6.38319
765385870,6.23304
765385880,6.41428
765385890,6.50514
765385900,6.30676
765385910,6.48523
765385920,6.19675
765385930,6.45423
765385940,6.40427
765385950,6.19668
765385960,4.55583
765385970,4.59013
765385980,4.53086
765385990,4.35321
765386000,2.86026
765386010,2.59428
765386020,2.82867
765386030,2.82863
765386040,2.73937
765386050,2.76871
765386060,5.7082
765386070,5.94465
765386080,5.90861
765386090,6.0229
765386100,6.34874
765386110,5.00304
765386120,4.64186
765386130,4.79814
765386140,4.4433
765386150,4.49879
765386160,4.59653
765386170,4.35827
765386180,4.67868
765386400,3.99204
765386410,4.16559
765386420,4.35119
765386430,4.08792
765386440,4.39785
765386450,4.80718
765386460,4.83269
765386470,4.21353
765386480,4.26353
765386490,4.80933
765386500,4.79944
765386510,5.4591
765386520,4.66357
765386530,4.88254
765387280,5.7109
765387290,5.62759
765387300,5.52639
765387310,5.55043
765387320,5.57212
765387330,5.25148
765387340,5.43648
765387350,5.42522
765387360,5.38379
765387370,5.67617
765387380,5.25862
765387390,5.07239
765387400,5.35683
765387410,5.28458
765387420,5.21212
765387430,4.99293
765387440,5.07484
765387450,5.06281
765387460,4.94392
765387470,5.08681
765387480,5.19106
765387490,5.02184
765387500,5.13872
765387510,5.22085
765387520,5.08463
765387530,5.09524
765387540,5.09731
765387550,5.25874
765387560,5.28866
765387570,5.22437
765387580,5.22744
765387590,5.05169
765387600,5.47237
765387610,5.2059
765388100,12.3299
765388110,9.63736
765388120,9.56028
765388130,9.33706
765388140,8.86385
765388150,8.67954
765388160,8.4722
765388170,8.0227
765388180,7.76469
765388190,8.04055
765388200,7.07394
765388210,6.97044
765388220,7.06895
765388230,6.87432
765388240,6.80071
765388250,6.97144
765388260,6.93943
765388270,6.86258
765388280,7.14059
765388290,7.22039
765388300,7.4541
765388310,7.64622
765388320,7.72186
765388330,8.14151
765388340,8.76422
765388350,8.90382
765388360,7.9587
765388370,8.71097
765388380,8.93529
765388390,9.35348
765388400,10.0702
765390230,4.23687
765390470,2.79885
765390490,2.79502
765390500,2.65677
765390510,2.78269
765390520,2.79275
765390530,2.65117
765390540,2.7375
765390550,2.78481
765390560,2.62286
765390590,2.67562
765390600,2.33552
765390610,2.1946
765390620,4.26956
765390630,3.97739
765390640,4.06741
765390650,3.94009
765390660,3.83909
765390670,3.70471
765390680,3.77041
765390690,4.11837
765390700,3.77848
765390710,3.93871
765390720,3.77143
765390730,3.81177
765390740,3.72064
765390750,3.72804
765390760,3.65502
765390770,3.94416
765390780,3.83169
765390790,3.7338
765390800,3.6394
765390810,3.67354
765390820,3.52225
765390830,3.50029
765390840,3.43091
765390850,3.59359
765390860,3.48627
765390870,3.58419
765390880,3.58559
765390890,3.76043
765390900,3.6302
765390910,3.6396
765390920,3.48686
765390930,3.68559
765390940,3.77145
765390950,3.82083
765390960,3.62629
765390970,3.29712
765390980,3.4999
765390990,3.54286
765391000,3.77657
765391010,4.00431
765391020,3.83492
765391080,4.33868
765391090,4.35402
765391100,4.45351
765391110,4.40167
765391120,4.40515
765391130,4.45092
765391140,4.78877
765391150,4.8203
765391160,4.49841
765391170,4.45819
765391180,4.48632
765391190,4.40039
765391200,4.48822
765391210,4.63814
765391220,4.45733
765391230,4.58137
765391240,4.79242
765391250,4.59077
765391260,4.64536
765391270,4.65696
765391280,4.70505
765391290,4.67804
765391300,4.47142
765391310,5.7753
765391320,5.79436
765391330,5.41908
765391340,5.38815
765391350,5.29346
765391360,5.27337
765391370,5.20159
765391380,5.27862
765391390,5.20624
765391400,5.19506
765391410,5.30345
765391420,3.11117
765391430,3.04229
765391440,3.06655
765391450,3.34908
765391720,11.6654
765391730,11.5183
765391740,11.7229
765391750,11.4829
765391760,11.5349
765391770,12.1393
765391780,11.7608
765391790,11.5457
765391800,12.1612
765391810,12.2487
765391820,12.3855
765391830,12.0842
765391840,12.2893
765391850,11.9505
765391860,12.3456
765391870,12.0815
765391880,12.2169
765391890,12.4493
765391900,12.0721
765391910,12.4242
765391920,12.1723
765391930,12.1645
765391940,12.4979
765391950,12.0031
765391960,12.5632
765391970,4.7719
765391980,4.49614
765391990,4.43873
765392000,4.37872
765392010,4.49304
765392020,4.79752
765392030,4.71346
765392040,7.20015
765392050,7.54356
765392060,7.32604
765392070,7.37187
765392570,4.76384
765392620,4.00418
765392630,4.14718
765392640,4.10936
765392650,3.94157
765392660,4.27766
765392670,4.07849
765392680,3.76167
765392690,3.91157
765392700,3.71724
765392710,3.78977
765392720,3.879
765392730,3.77814
765392740,3.88045
765392750,3.85742
765392760,3.8795
765392770,3.88553
765392870,4.24168
765392880,3.91553
765392890,3.89462
765392900,3.72222
765392910,5.06663
765393920,7.65095
765393930,7.38189
765393940,7.37489
765393950,7.54971
765393960,7.70967
765393970,8.05025
765393980,8.37502
765393990,8.64958
765394000,9.2192
765394010,9.4709
765394020,9.94302
765394060,12.2327
765394070,12.9221
765394080,13.3579
765394090,14.008
765394100,14.3326
765394110,14.1594
765394430,3.3191
765394440,3.84565
765394450,3.6454
765394460,3.74756
765394470,3.34846
765394480,3.56527
765394490,3.50133
765394500,3.47409
765394510,3.30161
765394520,3.10712
765394530,3.20271
765394540,3.27117
765394670,2.45082
765394680,2.53443
765394690,2.43177
765394700,2.44099
765394710,2.49279
765394720,2.50371
765394730,2.32839
765394740,2.41626
765394750,2.35111
765394760,2.5295
765394770,2.52528
765394780,2.69495
765394790,2.63498
765394800,2.65278
765394810,2.34353
765394820,2.41373
765394830,2.57806
765394840,2.70925
765394850,2.8996
765394860,3.03913
765394870,2.96949
765394880,2.89097
765394890,3.4038
765394900,2.885
765394910,2.63525
765394920,2.94238
765394930,2.94099
765394940,2.78921
765394950,3.30478
765395910,7.9655
765395920,8.11821
765395930,8.02366
765395940,7.88113
765395950,8.42119
765395960,8.14997
765395970,7.95815
765395980,8.05097
765395990,7.78044
765396000,7.91991
765396010,7.91828
765396020,7.9622
765396030,7.59503
765396040,8.07158
765396050,8.09845
765396060,8.0209
765396070,8.24131
765396080,7.79252
765396090,7.78317
765396100,7.91848
765396110,7.44957
765396120,7.61911
765396130,7.37343
765396140,7.6156
765396150,7.50985
765396160,7.64617
765396170,7.33864
765396180,7.75709
765396190,7.36593
765396200,7.60586
765396210,7.57663
765396220,7.55612
765396230,7.41394
765396240,7.58331
765396250,7.52075
765396260,7.05236
765396270,7.63484
765396280,7.25245
765396290,7.39252
765396300,7.37945
765396310,7.60393
765396320,7.92112
765396330,8.00866
765396340,7.79311
765396350,8.02019
765396360,8.17402
765396370,7.83753
765396380,7.55764
765396390,7.45501
765396400,7.167
765396410,7.3969
765396420,4.81529
765396430,4.70931
765396440,4.50837
765396450,4.68089
765396460,4.59344
765396470,4.53521
765396480,4.50442
765396490,4.82191
765396500,4.72432
765396510,4.61914
765396520,4.65013
765396530,4.63634
765396540,4.58596
765396550,4.60657
765396560,4.70134
765396570,4.52813
765396580,4.74404
765396590,4.52695
765396600,4.63896
765396610,4.42959
765396620,4.25486
765396630,4.37903
765396640,4.39254
765396650,4.42694
765396660,4.37297
765396670,4.09525
765396680,4.28167
765396690,4.24085
765396700,4.34489
765396710,4.83481
765396720,4.80237
765396730,4.88766
765396740,4.765
765396750,4.95298
765396760,4.85563
765396770,4.81445
765396780,4.70033
765396790,4.65842
765396800,4.81564
765396810,4.63546
765396820,4.76608
765396830,4.74018
765398850,5.92849
765398860,5.78802
765398870,5.45102
765398880,5.64699
765398890,5.16163
765398900,5.26722
765398910,5.07209
765398920,5.347
765398930,5.33456
765398940,5.48391
765398950,5.40772
765398960,5.2042
765398970,5.66525
765399050,3.57108
765399060,3.57097
765399280,14.4867
765399290,14.0461
765399300,14.4016
765399310,14.7456
765399320,14.6276
765399330,14.8009
765399340,14.8487
765399350,14.5542
765399360,14.6077
765399370,14.1883
765399380,14.0916
765399390,13.7178
765399400,13.1014
765399410,13.1482
765399420,9.15943
765399430,8.66497
765399440,8.62407
765399450,8.31511
765399460,8.08549
765399470,8.3885
765399480,8.31183
765399490,7.90652
765399500,7.53919
765399510,7.90808
765399520,7.92696
765399530,8.34508
765399540,8.55838
765399550,8.54293
765399560,8.67653
765399570,9.0572
765399580,9.30741
765399590,9.34911
765399600,10.0651
765399610,10.1658
765399620,10.2395
765399630,10.5229
765399640,4.20746
765399650,3.76296
765399660,4.11458
765399670,3.61386
765400330,5.55473
765400340,5.37323
765400350,5.59055
765400360,5.44005
765400370,4.88955
765400470,9.77402
765400480,9.77774
765400490,9.46498
765400500,8.42309
765400510,8.50048
765400520,8.61494
765400530,9.01782
765400540,9.11544
765400550,9.37436
765400560,9.51055
765400570,9.95039
765400580,10.1687
765400590,10.003
765400600,9.88696
765400720,9.5333
765400730,9.59841
765400740,10.1248
765400750,9.82044
765400760,10.0223
765400770,10.7601
765400780,10.696
765400790,10.8306
765400800,11.6538
765400810,11.2122
765401190,5.86367
765401200,6.13995
765401210,5.9016
765401220,6.42422
765401230,5.94849
765401240,6.03847
765401250,6.24114
765401260,6.09295
765401270,6.51735
765401360,6.66643
765401370,6.1965
765401380,6.64435
765401390,6.73465
765401400,6.13289
765401410,6.76445
765401420,7.22303
765401430,6.19441
765401900,5.39446
765401910,5.59472
765401920,5.48903
765401930,5.63801
765401940,5.26001
765401950,4.95752
765401960,5.33883
765401970,5.34002
765401980,5.48277
765401990,4.88379
765402000,5.00331
765402010,4.99908
765402020,4.94753
765402030,4.80549
765402040,4.71589
765402050,5.0686
765402060,5.01446
765402070,4.89216
765402080,5.12753
765402090,4.88901
765402100,4.82303
765402110,4.84031
765402120,4.74702
765402130,4.8108
765402140,4.8057
765402150,4.9754
765402160,4.74782
765402170,4.91317
765402180,5.38612
765402190,5.24601
765402200,5.5555
765402210,5.12228
765402220,5.19868
765402230,5.32148
765403010,4.65025
765403020,5.00106
765403030,4.74857
765403040,4.437
765403050,4.17414
765403060,4.86729
765403070,4.34671
765403080,4.41763
765403090,4.2815
765403100,1.71226
765403110,1.97918
765403120,2.05791
765403130,2.01266
765403140,1.93279
765403150,1.94351
765403160,2.01311
765403170,1.96078
765403180,2.01785
765403190,2.15206
765403200,5.021
765403210,5.36047
765403220,4.98315
765403230,5.49518
765403240,4.92209
765403250,5.38301
765403260,5.48544
765403270,5.48561
765403280,5.53455
765403290,5.75594
765403300,5.47825
765403310,5.57069
765403320,5.72295
765403330,5.84904
765403340,6.11656
765403350,6.31745
765403620,0.93937
765403640,1.28495
765403650,1.65476
765403660,1.57517
765403670,1.6673
765403680,1.4861
765403690,1.27965
765403700,1.36391
765403710,1.28297
765403720,1.31484
765403730,1.50974
765403740,1.65708
765403750,1.61906
765403760,1.63918
765403770,1.66464
765403780,1.65047
765403790,1.70551
765403800,1.80134
765403810,1.66671
765403820,1.68019
765403830,1.69251
765403840,1.90117
765403850,1.78774
765403860,1.88872
765403870,1.98632
765403880,1.99292
765403890,2.21214
765403900,2.173
765403910,3.74702
765403920,3.65165
765403930,4.0174
765403940,4.01807
765403950,4.12346
765403960,3.97706
765403970,3.77585
765403980,3.72343
765403990,4.08659
765404000,4.17179
765404010,4.09665
765404020,3.64009
765404030,5.79585
765404040,5.14945
765404050,5.29861
765404060,5.84339
765404070,6.18393
765404080,6.19372
765404090,5.69976
765404100,5.90698
765404110,5.68802
765405190,6.04087
765405200,5.37113
765405210,5.41091
765405220,5.58044
765405230,6.25645
765405240,5.36695
765405250,6.38623
765405260,6.59751
765405270,7.23189
765405280,6.61118
765405290,6.82868
765405300,7.42671
765405310,7.33208
765405320,7.36002
765405330,6.72372
765405340,6.21105
765405350,5.52043
765405360,4.80473
765405370,4.73664
765405400,5.06169
765405410,4.74716
765405880,5.51879
765405890,5.07169
765405900,5.09391
765405910,4.78304
765405920,4.88062
765405930,4.95529
765405940,5.14521
765407320,6.37815
765407330,6.26233
765407340,6.21096
765407350,6.35662
765407360,5.97314
765407370,5.93887
765407380,6.12283
765407390,5.96603
765407400,5.96924
765407410,5.84393
765407420,5.87365
765407430,6.16379
765407440,4.54443
765407450,4.47445
765407460,4.35339
765407470,4.43609
765407480,4.6083
765407490,4.437
765407500,4.37135
765407510,4.44235
765407520,4.70054
765407530,4.38371
765407540,4.52906
765407550,4.47899
765407560,4.50745
765407570,4.4707
765407580,4.53104
765407590,4.37689
765407600,4.5844
765407610,4.50785
765407620,4.5687
765407630,4.40321
765407640,4.70828
765407650,4.6583
765407660,4.76355
765407670,7.48494
765407680,7.07696
765407690,7.2015
765407700,7.25066
765407710,7.2899
765407720,7.65149
765407730,7.61648
765407740,7.90803
765407750,7.33216
765407760,7.88559
765407770,7.67747
765407780,7.96145
765407790,8.0618
765407800,8.32553
765407810,8.18511
765407820,7.395
765407990,4.8505
765408000,4.67468
765408010,4.91624
765408020,4.53357
765408030,4.6619
765408040,4.50687
765408050,4.58029
765408060,4.73523
765408070,4.54137
765408080,4.75441
765408090,4.83437
765408100,4.83237
765408110,4.89969
765408120,4.70803
765408130,4.97229
765408140,4.73768
765408150,4.80808
765408160,4.60425
765408170,4.69713
765408180,4.99559
765408190,6.09789
765408200,5.85609
765408210,6.37232
765408220,6.22513
765408230,6.08131
765408240,6.16554
765408250,6.39068
765408620,5.3603
765408650,5.05311
765408660,5.0856
765408670,4.98526
765408680,4.9101
765408690,5.13301
765408700,5.11905
765408710,5.58529
765408720,5.06812
765408730,5.08214
765408740,4.95055
765408750,5.10855
765408760,4.95266
765408770,5.16514
765408780,5.03174
765408790,4.98003
765408800,4.96779
765408810,5.27293
765408820,5.05573
765408830,5.13539
765408840,4.81882
765408850,4.99505
765408860,5.14887
765408870,5.40431
765408880,5.21887
765408890,5.1263
765408900,5.1492
765408910,5.20624
765408920,4.90514
765408930,5.15098
765408940,5.40535
765408950,5.16467
765408960,5.6179
765408970,5.51728
765408980,5.54533
765408990,5.67274
765409000,5.25544
765409010,5.50067
765409020,6.19273
765409030,6.18098
765409040,6.24657
765409050,6.64357
765409060,6.17342
765409070,6.88391
765409080,6.78295
765409090,7.05362
765409100,6.76592
765409110,6.37738
765409120,6.20988
765409130,6.02394
765409140,6.14694
765409150,5.86837
765409160,6.17401
765409170,6.38864
765409180,6.26543
765409190,6.87596
765409200,6.36151
765409210,7.16922
765409220,7.4691
765409230,7.77311
765409240,7.42376
765409250,7.56156
765409260,7.34349
765409270,7.0614
765409280,7.60154
765409290,7.5052
765409300,7.70115
765409310,7.87988
765409320,7.09075
765409330,7.37435
765409340,7.46622
765409350,7.49596
765409360,3.04832
765409370,2.50817
765409380,3.077
765409390,2.67785
765409400,2.65506
765409410,2.54712
765409420,2.79607
765409430,2.55151
765409440,2.34143
765409450,2.45645
765409460,2.81912
765409470,2.57872
765409480,2.43631
765409490,2.51725
765409500,2.451
765409510,2.41468
765409520,2.3397
765409530,2.25984
765409540,2.30945
765409550,2.37467
765409560,2.24796
765409570,2.56142
765409580,2.073
765409590,1.65826
765409600,2.24054
765409610,2.21345
765409620,1.88588
765409630,1.95561
765409650,1.49977
765409660,1.93443
765410030,5.21177
765410040,4.62381
765410050,4.78538
765410060,4.78554
765410070,4.81791
765410080,5.15103
765410090,5.19461
765410100,5.10093
765410110,5.34891
765410120,5.24733
765410130,5.27204
765410140,5.15938
765410150,5.58223
765410160,5.05862
765410170,5.51959
765410180,5.26168
765410190,5.17031
765410200,5.18029
765410210,5.38728
765410220,5.22203
765410410,4.40063
765410420,4.5423
765410430,4.71863
765410440,4.74784
765410450,5.06228
765410460,5.51816
765410470,5.72646
765410480,6.09301
765410490,6.71768
765410500,7.15921
765410510,7.2116
765410520,7.19897
765410890,11.9177
765410900,11.175
765410910,10.5809
765410920,9.99389
765410930,9.80402
765410940,9.40673
765410950,8.79727
765410960,8.8174
765411300,2.74369
765411310,2.71906
765411320,2.65053
765411330,2.63867
765411340,2.82936
765411350,2.73848
765411360,2.57014
765411370,2.70002
765411380,2.74411
765411390,2.76208
765411400,2.8782
765411410,2.68774
765411420,2.77746
765411430,2.61521
765411440,2.8654
765411450,2.81353
765411460,2.87583
765411470,2.99771
765411760,10.4001
765411770,10.9277
765411800,12.5104
765411810,11.6427
765411820,9.46441
765411830,9.50431
765411840,6.83565
765411850,7.51128
765411860,6.95993
765411870,7.09267
765411880,6.79989
765411890,6.79832
765411900,6.58303
765411910,6.86317
765411920,5.69721
765411930,6.83353
765411940,6.76363
765411950,5.83546
765411960,5.90504
765411970,5.81993
765411980,5.7056
765411990,5.54739
765412000,5.68504
765412010,5.83629
765412020,5.4201
765412030,5.65388
765412040,5.67765
765412050,5.78299
765412060,5.8248
765412070,6.21751
765412080,6.41592
765412090,6.26655
765412100,2.95655
765412110,2.7628
765412120,2.85311
765412130,2.95191
765412140,2.73404
765413380,2.68397
765413390,2.53632
765413400,2.3856
765413410,2.37135
765413420,2.67017
765413430,2.67295
765413440,2.43143
765413450,2.75369
765413460,2.77148
765413470,2.80536
765413480,2.67223
765413490,2.85807
765413500,2.88004
765413510,2.74528
765413520,2.88278
765413530,2.92481
765413540,2.94029
765413550,2.99235
765413560,3.03442
765413570,2.95929
765413580,3.03894
765413590,3.15329
765413600,3.21269
765413610,3.18828
765413620,3.23662
765413980,3.99212
765413990,3.66676
765414000,3.61821
765414010,3.80881
765414020,3.66984
765414030,3.85377
765414040,4.40385
765414050,3.57094
765414060,3.51379
765414070,3.52654
765414080,3.59005
765414090,3.49103
765414100,2.60458
765414110,2.84522
765414120,2.54238
765414130,2.48507
765414140,2.72918
765414150,2.49291
765414160,2.45386
765414170,2.4398
765414180,2.42647
765414190,2.42267
765414200,2.55815
765414210,2.5065
765414220,2.51053
765414230,2.50415
765414240,2.7086
765414250,2.54884
765414260,2.42338
765414270,2.77955
765414280,2.6552
765414290,2.85491
765414300,2.80808
765414310,2.68059
765414320,2.73075
765414330,2.74706
765414340,2.67344
765414350,2.92695
765414360,2.78111
765414370,2.76195
765414380,2.9788
765414390,2.72341
765414400,3.03831
765414410,3.0766
765414420,3.18237
765414430,3.22676
765414440,3.21555
765414450,3.43084
765414910,4.17366
765414920,3.896
765414930,3.91527
765414940,3.70066
765414950,3.38575
765414960,4.91498
765414970,4.88366
765414980,4.67843
765414990,4.4789
765415000,4.77347
765415010,3.83825
765415020,4.01178
765415030,3.68051
765415040,4.31417
765415050,4.35888
765415060,4.17918
765415070,4.23569
765415080,4.32123
765415090,4.18757
765415100,3.97244
765415110,4.01417
765415120,4.39416
765415130,4.43548
765415140,4.16223
765415290,8.49913
765415300,8.53571
765415310,8.58312
765415320,8.3582
765415330,8.24898
765415340,8.73401
765415350,8.69373
765415360,8.97931
765415370,8.96376
765415380,8.56523
765415390,8.7945
765415400,9.01333
765415410,8.82127
765415420,7.11039
765415430,6.93397
765415440,7.39694
765415450,6.65943
765415460,6.93375
765415470,6.64478
765415480,6.43195
765415490,6.75636
765415500,6.60159
765415510,6.53947
765415520,6.51031
765415880,5.94851
765415890,5.99828
765415900,5.8468
765415910,5.8516
765415920,5.96672
765415930,6.02653
765415940,6.51392
765415950,6.28825
765415960,6.35032
765415970,6.26051
765415980,6.56777
765415990,6.6126
765416000,6.93984
765416010,6.88525
765416580,7.97261
765417400,5.48671
765417410,5.37306
765417420,5.1365
765417430,5.27975
765417440,5.02128
765417450,5.70596
765417460,5.04852
765417470,4.95758
765417480,5.04961
765417490,4.98497
765417500,4.54365
765417510,4.34313
765417520,4.52077
765417530,4.37154
765418260,10.5369
765418270,10.7622
765418280,10.9793
765418290,10.9139
765418300,10.7348
765418310,8.78504
765418320,8.78986
765418330,8.91876
765418340,8.74744
765418350,8.73582
765418360,8.95846
765418370,8.92077
765418380,8.74324
765418390,8.55609
765418400,8.64305
765418410,8.73099
765418420,8.67014
765418430,8.43361
765418440,8.44185
765418450,8.67014
765418460,8.51496
765418470,8.52077
765418480,8.72732
765418490,8.50577
765418500,8.48836
765418510,8.47079
765418520,8.24119
765418530,8.28121
765418540,9.09492
765418550,8.85581
765418560,9.17703
765418820,5.93397
765418830,6.04814
765418840,5.94249
765418850,6.1058
765418860,6.04405
765418870,6.11376
765418880,6.00312
765418890,6.09731
765418900,6.35711
765418910,6.14913
765418920,6.39817
765418930,6.53228
765418940,6.9036
765418950,6.95778
765418960,7.07737
765418970,6.80372
765418980,7.24199
765418990,7.37969
765419000,7.15761
765419830,1.37366
765419840,1.2765
765419850,1.37552
765419860,1.42015
765419870,1.21556
765419880,1.43784
765419890,1.22595
765419900,1.1737
765419910,0.938661
765419920,1.49212
765419930,0.882108
765419940,1.3607
765419950,1.31563
765419960,1.32726
765419970,1.08207
765419980,1.43478
765420200,4.15459
765420210,4.28343
765420220,4.00263
765420230,4.22087
765420240,4.1111
765420250,4.17207
765420260,4.11098
765420270,4.36287
765420280,4.47231
765420290,4.6517
765420300,4.27117
765420310,4.23759
765420320,4.61219
765420330,4.47792
765420340,7.56588
765420350,7.58186
765420360,7.75979
765420370,7.48902
765420380,7.792
765420390,7.5571
765420400,8.21338
765420730,17.4178
765420740,11.5252
765420750,11.742
765420760,11.7488
765420770,11.3856
765420780,11.6797
765420790,11.7021
765420800,11.8216
765420810,12.0534
765420820,11.8339
765420830,11.19
765420840,11.3318
765420850,11.4138
765420860,11.4111
765420870,11.9078
765420880,11.4343
765420890,11.6369
765420900,10.9638
765420910,11.0543
765420920,10.8951
765420930,11.3253
765420940,9.76801
765420950,10.0659
765420960,10.3103
765420970,6.12237
765420980,6.39399
765420990,6.67674
765421000,6.01368
765421010,6.38568
765421020,6.43962
765421030,6.59943
765421040,6.20415
765421050,6.35907
765421060,6.42837
765421070,6.3993
765421080,6.75299
765421090,6.3519
765421100,6.03401
765421110,6.18748
765421130,6.3959
765421210,2.07817
765421970,7.38008
765421980,7.34693
765421990,6.63823
765422000,6.73994
765422010,6.72467
765422020,10.363
765422030,10.3183
765422040,10.5891
765422050,10.6373
765422060,11.4717
765423240,8.92425
765423250,8.50124
765423260,8.90858
765423270,9.3415
765423280,9.41098
765423290,8.95937
765423300,8.70821
765423310,8.32768
765423320,8.44439
765423330,8.43621
765423340,9.14511
765423350,9.37133
765423360,9.13393
765423370,8.24956
765423380,9.10476
765423390,7.93028
765423400,7.65806
765423410,6.79293
765423420,6.34962
765423430,6.8615
765423440,7.30478
765423930,2.49382
765424700,9.35653
765424710,9.30894
765424720,9.50061
765424730,9.0888
765424740,9.16552
765424750,9.11697
765424760,9.51095
765424770,9.24523
765424780,9.26847
765424790,9.27667
765424800,9.28957
765424810,9.40317
765424820,9.43516
765424830,9.76753
765424840,2.87103
765424850,2.54852
765424860,3.00256
765424870,2.88264
765424880,3.05129
765424890,2.93116
765424900,2.88925
765424910,3.63589
765424920,3.92205
765424930,3.99222
765424940,4.41838
765424950,4.05442
765424960,4.27457
765424970,1.51431
765424980,0.859442
765424990,1.88468
765425000,5.78694
765425010,5.90824
765425020,5.84394
765425030,5.28018
765425040,4.20579
765425050,4.14177
765425060,4.70761
765425070,4.3684
765425080,4.2854
765425090,4.41315
765425100,5.89613
765425110,5.00456
765425120,5.44274
765425130,5.77593
765425140,5.75927
765425150,5.78183
765425160,5.65844
765425170,5.33788
765425180,5.7835
765425190,5.80694
765425200,5.57725
765425210,5.68384
765425220,5.72296
765425230,5.87697
765425240,5.82502
765425250,5.82897
765425260,5.34247
765425270,5.39275
765425280,5.63226
765425290,1.11212
765425300,1.01339
765425310,1.1164
765425320,0.820297
765425330,1.07179
765425340,1.34767
765425350,1.43843
765425360,3.01265
765425370,2.848
765425380,2.70086
765425390,2.82234
765425400,2.50719
765425410,3.04083
765425420,3.07692
765425430,3.10264
765425440,7.61653
765425450,7.39326
765425460,7.42572
765425470,7.28427
765425480,7.4882
765425490,7.42005
765425500,7.01264
765425510,7.1348
765425520,7.22257
765425530,7.19866
765425540,6.90489
765425550,7.12419
765425560,6.97696
765425570,7.14039
765425580,7.03641
765425590,7.03084
765425600,6.86802
765425610,4.50891
765425620,4.16687
765425630,4.29585
765425640,4.12727
765425650,4.34848
765425660,4.15105
765425670,4.06436
765425680,4.13102
765425690,4.22855
765425700,4.12618
765425710,4.19615
765425720,4.04912
765425730,4.0826
765425740,4.36195
765425750,4.03165
765425760,4.0658
765425770,4.11405
765425780,4.11258
765425790,4.1284
765425800,4.2185
765425810,4.22483
765425820,4.13305
765425830,3.96232
765425840,4.18715
765425850,4.15179
765425860,4.11224
765425870,4.0587
765425880,4.17381
765425890,4.06421
765425900,3.89222
765426550,4.82789
765426560,4.67643
765426570,4.72491
765426580,4.5967
765426590,4.41948
765426600,4.96783
765426610,4.83456
765426620,4.3114
765426630,6.7289
765426640,6.69522
765426650,6.68217
765426660,6.42909
765426670,6.34743
765426680,6.96221
765426690,6.73371
765426700,6.9696
765426710,6.7475
765426720,6.93104
765426730,7.10593
765426740,6.72483
765426750,5.89254
765426760,5.53408
765427230,5.71866
765427240,6.06493
765427250,6.02753
765427260,7.28374
765427270,7.12141
765427280,7.50757
765427750,17.0297
765427760,17.4132
765427770,17.4718
765427780,16.9976
765427790,16.813
765427800,16.3052
765427810,16.152
765427820,15.6691
765427830,15.4632
765427840,15.4486
765427850,15.252
765427860,15.1521
765427870,14.5768
765427880,14.3978
765427890,13.8305
765427900,13.5713
765427910,13.6008
765427920,13.1739
765427930,12.031
765427940,10.9126
765427950,9.90603
765427960,9.26894
765427970,5.90118
765427980,6.13311
765428060,3.26019
765428070,3.40765
765428740,2.0843
765428750,3.20328
765428760,1.87739
765428770,1.8262
765428780,1.88496
765428790,1.77865
765428800,1.79969
765428810,1.89942
765428820,1.83886
765428830,1.99561
765428840,2.04161
765428850,2.0612
765428860,2.1909
765428870,1.94742
765428880,2.16344
765428890,2.56821
765428900,2.44014
765428910,2.36954
765428920,2.67344
765428930,2.64397
765428940,2.82355
765428950,3.68075
765428960,3.87244
765428970,4.04008
765428980,3.87887
765428990,3.8609
765429000,3.69615
765429010,3.8504
765429020,3.56446
765429030,3.39174
765429040,2.80636
765429050,2.88879
765429060,2.8902
765429070,2.5926
765429080,2.681
765429090,3.15013
765429100,2.61506
765429110,2.22297
765429120,1.66813
765429130,1.5502
765429140,1.6574
765429150,0.769233
765429160,0.707877
765429360,10.1885
765429370,10.2936
765429380,10.5574
765429390,10.1364
765429400,9.97329
765429410,10.1364
765429420,10.0111
765429430,9.5672
765429440,9.43394
765429450,9.43835
765429460,9.90341
765429470,9.1929
765429480,8.90949
765429490,8.73687
765429500,8.55918
765429510,4.26115
765429520,4.47421
765429530,4.76593
765429540,4.44057
765429550,4.49659
765429560,4.15311
765429570,4.55178
765429580,4.17188
765429590,6.25191
765429600,6.13881
765429610,6.02697
765429620,5.95623
765429630,5.95288
765429640,5.88803
765429650,6.00704
765429660,5.8576
765429670,5.77624
765429680,7.28037
765429690,7.53243
765430540,9.14315
765430550,9.1165
765430560,9.64774
765430570,8.98679
765430580,9.34613
765430590,9.67538
765430600,9.53634
765430610,9.3837
765430620,9.58665
765430630,10.5664
765430640,10.197
765430650,10.5297
765430660,10.7353
765430670,9.89952
765431600,5.32044
765431610,5.06082
765431620,4.91372
765431630,4.34993
765431640,4.23687
765431650,4.60932
765431660,4.68501
765431670,3.99811
765431680,4.35677
765431690,3.66576
765431700,4.2945
765431710,4.18294
765431720,3.93493
765431730,3.90076
765431740,3.62375
765431750,3.41327
765431760,2.73614
765431770,2.90324
765431950,11.7226
765431960,12.3587
765431970,12.218
765431980,12.5757
765431990,11.8437
765432000,11.9673
765432010,12.1447
765432020,12.1834
765432030,12.1232
765432040,11.8295
765432050,12.1906
765432060,12.166
765432070,13.5454
765432080,12.3056
765432090,11.4338
765433270,11.1711
765433280,11.5653
765433290,10.7189
765433300,9.79967
765433310,8.52848
765433320,8.77734
765433330,8.57595
765433340,8.50234
765433350,8.62613
765433360,8.87575
765433370,8.86951
765433380,8.88927
765433390,8.91566
765433400,9.18725
765433410,9.31255
765433650,2.48732
765433660,2.44119
765433670,2.5708
765433680,2.61353
765434000,3.35642
765434010,3.44323
765434020,3.16089
765434030,3.13615
765434040,3.21694
765434050,3.14778
765434060,3.26675
765434970,2.47511
765434980,2.41184
765434990,2.41813
765435000,2.13051
765435010,2.57562
765435020,2.34881
765435030,2.11062
765435040,1.94438
765435050,3.85863
765435060,3.84514
765435070,4.11119
765435080,4.03967
765435090,3.91912
765435100,3.90603
765435110,5.10841
765435120,5.2127
765435130,5.6652
765435140,5.08858
765435150,5.1118
765435160,3.94368
765435170,3.99642
765435180,3.65185
765435190,3.64861
765435200,3.68571
765435210,3.91128
765435650,2.23337
765435660,2.09782
765435670,2.0936
765435680,1.99246
765435690,2.0251
765435700,2.01425
765435710,2.04517
765435720,1.93514
765435730,2.03327
765435740,2.08321
765435750,2.07309
765435760,2.03511
765435770,2.04139
765435780,2.03858
765435790,2.04081
765435800,2.04107
765435810,1.96324
765435820,1.90887
765435830,2.4132
765435840,2.36281
765435850,2.2493
765435860,2.30973
765435870,2.37644
765435880,2.40104
765435890,2.26655
765435900,3.09854
765435910,3.16755
765435920,3.14967
765435930,2.90168
765435940,3.22693
765435950,3.06836
765435960,2.88164
765435970,3.19261
765435980,3.20756
765435990,2.87796
765436000,2.4965
765436010,2.49685
765436020,2.55515
765436030,2.48358
765436040,2.54422
765436050,2.48529
765436060,2.56929
765436070,2.61346
765436080,2.66122
765436090,8.28926
765436100,8.60489
765436110,8.53405
765436120,2.41826
765436130,7.80209
765436140,8.17192
765436150,8.39658
765436160,7.94156
765436170,7.98087
765437190,3.5952
765437200,3.55267
765437210,3.78847
765437220,3.76532
765437230,3.84196
765437240,3.88066
765437250,3.78796
765437260,3.70214
765437270,4.37695
765437280,3.7002
765437290,4.46721
765437300,4.30673
765437310,4.46835
765437320,4.67552
765437330,4.29959
765437340,4.27153
765437350,4.49162
765437360,4.5515
765437370,4.30369
765437380,4.45622
765437390,4.2302
765437400,4.27821
765437410,4.31489
765437420,4.16247
765437430,4.03922
765437440,4.38662
765437450,3.96057
765437460,3.98943
765437470,3.92976
765437870,11.3595
765437880,11.2252
765437890,11.441
765437900,11.8079
765437910,11.2906
765437920,10.9214
765437930,10.8338
765437940,11.0258
765437950,10.9838
765437960,11.258
765437970,11.419
765437980,11.5981
765437990,11.2609
765438000,11.4922
765438010,11.1559
765438020,11.223
765438030,11.3729
765438040,10.9038
765438050,10.8713
765438300,10.1189
765438310,10.2855
765438320,9.98579
765438330,10.3586
765438340,10.4694
765438350,10.4708
765438360,10.4865
765438370,10.6927
765438380,10.1604
765438490,6.91547
765438500,7.00506
765438510,7.38782
765438520,7.31596
765438530,6.92352
765438540,6.98642
765438550,7.33119
765438560,6.93908
765438570,6.95372
765438580,7.38233
765438590,7.1486
765438600,7.37632
765438610,7.59478
765438620,7.57375
765438630,7.76938
765438640,7.40882
765438650,7.76766
765438660,8.20969
765438670,8.33872
765438680,8.1812
765438690,8.8153
765438700,9.22144
765438710,9.19923
765438720,9.83486
765438730,10.4784
765438740,5.56438
765438750,6.84285
765438760,6.88311
765438770,8.124
765438780,9.0827
765438790,7.77443
765438800,7.6742
765438810,7.47317
765438820,8.45458
765438830,8.31024
765438840,7.20584
765438850,5.74411
765438860,2.72031
765438870,3.68858
765438880,3.73816
765438890,3.68993
765438900,3.39795
765438910,3.05123
765438920,2.97016
765438930,4.69296
765438940,4.6635
765438950,4.9865
765438960,4.68147
765438970,4.7547
765438980,5.02533
765438990,5.65526
765439000,5.96031
765439010,5.96561
765439020,6.42214
765439030,6.21952
765439040,6.88672
765439050,7.1114
765439060,4.92149
765439070,5.61907
765439080,6.08229
765439090,8.77998
765439100,8.40441
765439110,8.53008
765439120,8.67288
765439130,8.32803
765439140,7.90957
765439150,7.14151
765439160,6.45227
765439170,5.92756
765439180,5.52365
765439190,5.315
765439420,5.01928
765439430,5.0734
765439440,4.98287
765439450,4.75025
765439460,4.39053
765439470,4.76607
765439900,1.92315
765439910,1.99791
765439920,2.0323
765439930,1.74685
765439940,2.00863
765439950,2.23857
765439960,2.0435
765439970,2.03276
765439980,2.17326
765439990,2.76902
765440000,3.30973
765440010,3.29918
765440020,3.665
765440030,3.2604
765440040,3.60553
765440050,3.31542
765440060,3.3145
765440070,3.20281
765440080,3.18808
765440090,3.29365
765440100,3.48433
765440110,3.38788
765440120,3.53959
765440130,3.12142
765440140,3.39671
765440150,3.49207
765440160,2.91515
765440170,3.16446
765440180,3.31968
765440190,3.38601
765440200,3.27039
765440210,3.5857
765440220,2.02941
765440230,2.02201
765440240,2.0776
765440250,2.09035
765440260,2.11624
765440270,2.08875
765440280,1.61116
765440290,1.6832
765440300,2.64715
765440310,2.61257
765440320,2.78781
765440330,2.57791
765440340,2.688
765440350,2.78688
765440360,2.91103
765440370,2.90532
765440380,2.83799
765440390,2.98912
765440400,2.7605
765440410,3.17812
765440420,3.30546
765440430,3.13776
765440440,2.92248
765440450,2.89149
765440460,2.97774
765440470,3.17931
765440880,0.773105
765440890,0.562359
765440900,1.34356
765440910,0.985161
765440920,1.32112
765440930,1.56978
765440940,1.41437
765440950,1.45005
765440960,1.60481
765440970,1.54731
765440980,1.38497
765440990,1.4979
765441000,1.47291
765441010,1.39646
765441020,1.36998
765441030,1.25723
765441040,1.50648
765441050,1.53163
765441060,1.68303
765441070,1.43692
765441080,1.47073
765441090,2.81897
765441680,4.85995
765441690,3.24813
765441700,3.25553
765441710,3.053
765441720,3.34059
765441730,3.11825
765441740,3.18329
765441750,2.65208
765441760,2.64895
765441770,2.51363
765441780,2.4576
765441790,2.53503
765441800,2.4803
765441810,2.5139
765441820,2.41529
765441830,2.3719
765441840,2.3573
765441850,2.32932
765441860,2.25894
765441870,2.08756
765441880,2.29743
765441890,2.01728
765441900,2.29207
765441910,2.3921
765441920,2.0738
765441930,2.30899
765441940,2.22847
765441950,2.48995
765441960,2.50754
765441970,2.46197
765442060,4.86812
765442070,4.40544
765442080,4.40966
765442090,6.75349
765442100,6.69356
765442110,6.33054
765442120,6.34644
765442130,6.25977
765442140,6.61133
765442150,4.07891
765442160,6.68818
765442170,6.46242
765442180,6.43895
765442190,6.3433
765442200,6.4387
765442210,6.82555
765442220,6.70729
765442230,6.43248
765442240,6.43918
765442250,6.58187
765442260,6.44253
765442270,6.89822
765442280,6.3105
765442290,6.4646
765442300,6.10869
765442310,6.17671
765442320,6.9372
765442330,7.05252
765442340,7.12311
765442350,7.02894
765442360,6.99975
765442370,3.00408
765442380,3.48121
765442390,3.25491
765442400,3.16206
765442410,3.11849
765442420,3.31085
765442430,3.30235
765442440,3.08365
765442450,3.2135
765442460,4.32899
765442470,4.57611
765442480,4.41637
765442490,4.26702
765442500,4.41958
765442510,4.31035
765442520,4.09684
765442530,4.02814
765442540,4.26698
765442550,4.60448
765442560,4.22398
765442570,4.24045
765442580,3.91342
765442590,4.20552
765442600,4.32493
765442610,4.43245
765442620,4.66659
765442630,12.2742
765442640,12.0918
765442650,12.2767
765442660,12.1002
765442670,11.6849
765442680,12.2386
765442690,12.3351
765442700,9.65622
765442710,9.92628
765442720,9.84517
765442730,10.2003
765442740,10.2475
765442750,10.3166
765442760,10.0506
765442770,10.2819
765442780,10.3543
765442790,10.2453
765442800,10.3988
765442810,12.6657
765442820,12.4951
765442830,12.665
765442840,12.9092
765442850,12.8932
765442860,12.5593
765442870,12.8369
765442880,12.5453
765442890,12.4026
765442900,12.7578
765442910,12.9096
765442920,12.9956
765442930,12.8921
765442940,13.552
765442950,13.4203
765442960,13.2549
765442970,13.6589
765442980,13.3296
765442990,13.7438
765443000,13.5638
765443010,14.0398
765443020,13.8968
765443030,13.7827
765443040,13.6625
765443050,13.6484
765443060,13.3923
765443070,13.8845
765443080,13.7105
765443090,14.066
765443100,13.6437
765443110,13.7835
765443120,14.278
765443130,13.9233
765443140,14.1425
765443150,13.9897
765443160,13.8597
765443170,14.1375
765443180,13.9829
765443190,14.3549
765443200,14.6983
765443210,14.5685
765443220,14.4958
765443230,15.2159
765443240,15.2443
765443250,15.6319
765443260,15.3989
765443270,15.5127
765443280,15.0937
765443290,10.5842
765443300,10.8881
765443310,10.8735
765443320,10.8456
765443330,10.9036
765443340,9.15546
765443350,9.72141
765444750,5.14924
765444760,4.60604
765444770,4.33078
765444780,5.84087
765444790,5.63898
765444800,5.31343
765444810,5.25478
765444820,10.6759
765444830,10.4192
765444840,10.3249
765444850,10.7653
765444860,5.73618
765444870,6.26148
765444880,6.78179
765444890,7.54482
765444900,7.61141
765444910,7.86655
765444920,8.19514
765444930,8.21807
765444940,8.57166
765444950,8.51927
765444960,8.95372
765445160,1.60987
765445170,1.75426
765445180,2.14438
765445190,2.0643
765445200,2.40294
765445210,2.1981
765445220,2.07544
765445230,2.09202
765445240,1.99185
765445250,2.14247
765445260,1.86512
765445270,2.16153
765445280,1.99955
765445290,1.8456
765445300,2.26183
765445310,2.30815
765445320,2.08412
765445330,1.99271
765445340,2.33521
765445350,2.41758
765445360,2.077
765445370,2.40368
765445380,2.67385
765445390,2.58198
765445650,2.53455
765445660,3.32263
765445670,3.24277
765445680,2.59692
765445690,2.46851
765445700,2.55386
765445710,2.44924
765445720,2.4681
765445730,2.47046
765445740,2.61446
765445750,2.39438
765445760,2.64549
765445770,2.60241
765445780,2.54772
765445790,2.49015
765445800,2.44576
765445810,3.10637
765445820,2.45502
765445830,2.71539
765445840,2.53781
765445850,2.51625
765445860,2.48618
765446630,3.20455
765446640,3.5245
765446650,3.39687
765446660,3.04737
765446670,3.36974
765446680,3.17892
765446690,3.4967
765446700,3.26931
765446710,3.18061
765446720,3.39706
765447080,4.44041
765447100,4.96787
765447110,7.0274
765447120,10.5297
765447130,10.9763
765447140,10.8355
765447150,10.4518
765447160,10.7895
765447170,10.83
765447180,10.6092
765447190,9.58739
765447200,10.5305
765447210,10.4108
765447220,10.683
765447230,10.9929
765447240,10.7262
765447250,11.195
765447260,10.811
765447270,10.6786
765447280,10.5229
765447290,10.8508
765447300,10.8825
765447310,10.739
765447320,8.7292
765447330,8.5163
765447340,8.58738
765447350,8.59091
765447360,8.53417
765447370,8.43662
765447380,8.43312
765447390,8.54097
765447400,8.30691
765447410,8.39265
765447420,8.59758
765447430,8.49904
765447440,8.55183
765447450,8.37597
765447460,8.28207
765447470,8.31745
765447480,8.4097
765447490,8.44639
765447500,8.47618
765447510,7.32291
765447520,7.26285
765447530,7.32314
765447540,7.24382
765447550,7.07846
765447560,7.21337
765447570,7.22944
765447580,7.03943
765447590,7.22245
765447600,7.21373
765447610,7.0618
765447620,7.20964
765447630,6.99703
765447640,7.07567
765447650,6.88305
765447660,6.85315
765447670,6.93252
765447680,7.00119
765447690,6.89912
765447700,7.05822
765447710,8.54579
765447720,8.48265
765447730,8.51318
765447740,8.42711
765447750,8.41645
765448120,1.8499
765448130,1.77879
765448140,1.92183
765448150,1.94875
765448160,2.03169
765448170,2.00885
765448180,2.07534
765448190,2.13339
765448200,2.34264
765448210,2.51549
765448220,2.21659
765448230,2.49118
765448380,1.03869
765448390,1.3182
765448400,1.31323
765448410,1.27544
765448420,1.29179
765448430,1.14625
765448440,1.33196
765448450,1.20889
765448460,1.28939
765448470,1.36881
765448480,1.36891
765448490,1.50693
765448500,1.53985
765448510,1.42173
765448520,1.50587
765448530,1.3673
765448540,1.40268
765448550,1.37103
765448560,1.33829
765448570,1.48625
765448580,1.42945
765448590,1.49778
765448600,1.57954
765448610,1.62664
765448620,1.67534
765448630,1.55702
765448640,1.79579
765448650,1.78985
765448660,2.02949
765448670,2.16048
765448680,2.16244
765448690,2.33544
765448700,2.3336
765448710,2.29375
765448720,2.14637
765448740,0.901286
765448750,0.549804
765448760,1.26652
765448780,1.17597
765448790,1.32418
765448800,0.612433
765448810,1.60374
765448820,1.67645
765448830,1.61143
765448840,1.58987
765448850,1.09774
765448860,1.5408
765448870,1.33329
765448880,1.89767
765448890,2.1807
765448900,1.79316
765448910,2.31395
765448920,1.94457
765448930,2.28767
765448940,2.72268
765448950,2.14131
765450260,11.5232
765450270,11.5249
765450280,11.8384
765450290,11.7371
765450880,4.29226
765450890,4.63388
765450900,4.44272
765450910,4.61777
765450920,4.43225
765450930,4.52353
765450940,4.15775
765450950,4.44508
765450960,4.00309
765450970,3.18878
765450980,2.9212
765451490,5.74847
765451500,5.73392
765451510,5.85535
765451520,6.12936
765451530,6.43834
765451540,6.09719
765451550,6.03159
765451560,5.93418
765451570,6.29347
765451580,6.35603
765451590,5.91344
765451600,5.77525
765451610,5.59548
765452480,6.77483
765452500,6.83748
765452510,6.76005
765452520,6.92907
765453070,2.6302
765453080,2.27781
765453090,2.26635
765453100,2.09714
765453110,2.1186
765453120,2.17935
765453130,2.21863
765453140,2.16963
765453150,2.15506
765453160,2.20301
765453170,2.40124
765453180,2.12251
765453190,3.05649
765453200,3.06144
765453210,3.16762
765453220,3.1485
765453230,3.0823
765453240,3.0691
765453250,3.11048
765453260,3.0697
765453270,3.19402
765453280,3.37383
765453290,3.34993
765453300,3.2036
765453310,3.2883
765453320,3.35731
765453330,3.23131
765453340,3.34735
765453350,3.20164
765453360,3.32821
765453370,3.21514
765453380,3.55109
765453390,3.23767
765453400,3.19191
765453410,3.44773
765453810,12.7082
765453820,12.5236
765453830,12.2662
765453840,12.565
765453850,12.6516
765453860,12.2598
765453870,12.862
765453880,12.5602
765453890,12.5559
765453900,12.2983
765453910,12.1873
765453920,12.4012
765453930,12.2204
765453940,12.3377
765453950,12.2346
765453960,11.967
765453970,11.8382
765453980,12.4817
765453990,12.1158
765454000,12.2181
765454010,12.1851
765454020,12.4743
765456100,13.6332
765456110,13.8862
765456120,13.7225
765456130,14.4
765456140,14.8912
765456270,8.84134
765456280,8.35732
765456290,7.85268
765456300,7.88075
765456310,7.53168
765456320,7.61735
765456330,7.28626
765456340,7.10754
765456350,7.15543
765456360,6.83575
765456370,6.8923
765456380,7.15255
765456390,7.09301
765456610,10.5271
765456620,11.1246
765456630,10.7042
765456640,11.1602
765456650,11.0906
765456660,10.8692
765456670,11.04
765456680,11.0197
765456690,11.1196
765456700,11.0052
765456710,11.0555
765456720,10.8997
765456730,11.0893
765456740,11.1443
765456750,11.0041
765456760,11.005
765456770,11.4338
765456780,10.9877
765456790,11.2969
765456800,10.9567
765456810,11.0413
765456820,10.8786
765456830,11.2454
765456840,11.5695
765456850,11.6189
765456860,11.5299
765456870,11.5204
765456880,11.7264
765456890,11.5566
765456900,11.48
765456910,11.5955
765456920,11.7323
765456930,11.7567
765456940,12.2614
765456950,11.3965
765456960,11.4311
765456970,11.6617
765456980,12.1457
765456990,11.7828
765457000,11.7912
765457010,12.3019
765457020,4.55006
765457030,4.97329
765457040,2.94855
765457050,3.4622
765457060,3.43852
765457070,3.19039
765457080,3.44073
765457090,3.16569
765457100,3.07228
765457110,3.29342
765457120,3.46123
765457130,3.73479
765457140,3.61126
765457150,3.494
765457160,3.6441
765457580,3.94792
765457590,3.49539
765457600,3.43196
765457610,3.8618
765457620,3.75713
765457630,4.07225
765457640,4.58523
765457650,3.56428
765457660,3.60391
765457670,3.52531
765457680,3.93926
765457690,3.68142
765457700,3.84636
765457710,3.96804
765457720,3.63446
765457730,3.94204
765457740,3.6569
765457750,4.02001
765457760,4.11648
765457770,4.17963
765457780,4.02889
765457790,3.84265
765457800,3.88359
765457810,3.88203
765457820,4.08501
765457830,3.91694
765457900,6.21332
765457910,5.71643
765457920,5.57595
765457930,6.0912
765457940,5.79729
765457950,5.99972
765459730,1.49391
765459740,1.28327
765459750,1.28804
765459760,1.3352
765459770,1.37502
765459780,1.34535
765459790,1.49719
765459800,1.39801
765459810,1.36729
765459820,1.38247
765459830,1.45819
765459840,1.45004
765459850,1.30793
765459860,1.33731
765459870,1.33182
765459880,1.39422
765459890,1.30649
765459900,1.26331
765459910,1.2578
765459920,1.1877
765459930,1.32566
765459940,1.50962
765459950,1.29643
765459960,1.37152
765459970,1.76086
765459980,1.5708
765459990,1.87994
765460000,1.33355
765460010,1.51655
765460020,4.64358
765460030,4.72114
765460040,4.8248
765460050,4.71066
765460060,4.42059
765460070,4.47176
765460080,4.51097
765460090,4.2231
765460100,4.17666
765460110,4.06026
765460120,4.50806
765460130,4.16625
765460140,4.28877
765460150,4.46827
765460160,3.66481
765460170,3.97704
765460180,3.92736
765460190,3.92842
