Количество видимых спутников	Время, с	Кол-во
0	15
732801610,9
732801620,9
732801630,9
732801640,9
732801650,9
732801660,9
732801670,9
732801680,9
732801690,9
732801700,8
732801710,8
732801720,8
732801730,8
732801740,8
732801750,8
732801760,8
732801770,8
732801780,8
732801790,7
732801800,7
732801810,7
732801820,7
732801830,7
732801840,7
732801850,7
732801860,8
732801870,8
732801880,8
732801890,8
732801900,8
732801910,8
732801920,8
732801930,8
732801940,8
732801950,8
732801960,8
732801970,8
732801980,8
732801990,8
732802000,8
732802010,7
732802020,7
732802030,6
732802040,6
732802050,6
732802060,6
732802070,6
732802080,7
732802090,8
732802180,7
732802190,7
732802200,7
732802210,8
732802220,9
732802230,9
732802240,9
732802250,9
732802260,8
732802270,8
732802280,8
732802290,8
732802300,8
732802310,8
732802320,8
732802330,9
732802340,9
732802350,9
732802360,9
732802370,10
732802380,10
732802390,9
732802400,9
732802410,8
732802420,8
732802430,8
732802440,8
732802450,8
732802460,8
732802470,9
732802480,9
732802490,9
732802500,9
732802510,9
732802520,9
732802530,9
732802540,9
732802550,9
732802560,10
732802570,10
732802580,10
732802590,9
732802600,9
732802610,9
732802620,9
732802630,9
732802640,9
732802650,9
732802660,9
732802670,9
732802680,9
732802690,9
732802700,9
732802710,9
732802720,10
732802730,10
732802740,11
732802750,11
732802760,10
732802770,10
732802780,10
732802790,10
732802800,9
732802810,9
732802820,9
732802830,9
732802840,9
732802850,9
732802860,9
732802870,9
732802880,9
732802890,9
732802900,9
732802910,9
732802920,9
732802930,9
732802940,8
732802950,8
732802960,8
732802970,8
732802980,8
732802990,8
732803000,8
732803010,8
732803020,8
732803030,8
732803040,8
732803050,8
732803060,8
732803070,8
732803080,8
732803090,8
732803100,8
732803110,8
732803120,9
732803130,9
732803140,9
732803150,9
732803160,9
732803170,10
732803180,10
732803190,10
732803200,10
732803210,10
732803220,10
732803230,10
732803240,10
732803250,10
732803260,10
732803270,10
732803280,10
732803290,10
732803300,10
732803310,10
732803320,10
732803330,10
732803340,10
732803350,10
732803360,10
732803370,10
732803380,10
732803390,10
732803400,10
732803410,10
732803420,11
732803430,10
732803440,10
732803450,10
732803460,10
732803470,10
732803480,10
732803490,10
732803500,10
732803510,10
732803520,10
732803530,10
732803540,10
732803550,11
732803560,11
732803570,11
732803580,11
732803590,11
732803600,11
732803610,11
732803620,11
732803630,11
732803640,11
732803650,10
732803660,10
732803670,10
732803680,10
732803690,10
732803700,10
732803710,11
732803720,11
732803730,11
732803740,10
732803750,10
732803760,10
732803770,10
732803780,10
732803790,10
732803800,10
732803810,10
732803820,10
732803830,9
732803900,7
732803970,9
732803980,9
732803990,8
732804000,9
732804010,8
732804020,8
732804030,8
732804040,8
732804050,8
732804060,7
732804140,9
732804150,9
732804160,9
732804170,9
732804180,10
732804190,10
732804200,10
732804210,10
732804220,10
732804230,10
732804240,10
732804250,10
732804260,10
732804270,10
732804280,10
732804290,10
732804300,10
732804310,10
732804320,10
732804330,10
732804340,10
732804350,10
732804360,8
732804370,8
732804380,8
732804390,8
732804400,8
732804410,8
732804420,8
732804430,8
732804440,8
732804450,8
732804460,8
732804470,8
732804480,8
732804490,8
732804500,8
732804510,8
732804520,8
732804530,7
732804540,7
732804550,7
732804560,8
732804570,8
732804580,8
732804590,8
732804600,8
732804610,8
732804620,8
732804630,8
732804640,8
732804650,8
732804660,8
732804670,8
732804680,8
732804690,8
732804700,8
732804710,9
732804720,9
732804730,9
732804740,9
732804750,9
732804760,9
732804770,9
732804780,9
732804790,9
732804800,8
732804810,8
732804820,8
732804830,8
732804840,8
732804850,8
732804860,8
732804870,8
732804880,8
732804890,8
732804900,8
732804910,8
732804920,8
732804930,8
732804940,8
732804950,8
732804960,8
732804970,8
732804980,8
732804990,8
732805000,8
732805010,8
732805020,8
732805030,8
732805040,8
732805050,8
732805060,8
732805070,8
732805080,7
732805090,7
732805100,7
732805110,7
732805120,7
732805130,7
732805140,7
732805150,7
732805160,7
732805170,7
732805180,7
732805190,7
732805200,7
732805280,7
732805290,7
732805300,7
732805310,7
732805320,8
732805330,8
732805340,8
732805350,7
732805360,7
732805370,7
732805460,6
732805470,7
732805480,7
732805490,7
732805500,6
732805510,5
732805520,5
732805530,6
732805540,6
732805550,6
732805560,6
732805570,6
732805580,6
732805590,6
732805600,6
732805610,9
732805620,9
732805630,8
732805640,8
732805650,8
732805660,8
732805670,8
732805680,8
732805690,8
732805700,8
732805710,8
732805720,8
732805730,8
732805740,8
732805750,8
732805760,9
732805770,10
732805780,10
732805790,10
732805800,9
732805810,9
732805820,9
732805830,9
732805840,9
732805850,10
732805860,10
732805870,10
732805880,10
732805890,10
732805900,10
732805910,10
732805920,10
732805930,10
732805940,10
732805950,10
732805960,10
732805970,10
732805980,10
732805990,10
732806000,10
732806010,10
732806020,10
732806030,10
732806040,10
732806050,10
732806060,10
732806070,10
732806080,10
732806090,10
732806100,11
732806110,11
732806120,11
732806130,11
732806140,10
732806150,10
732806160,10
732806170,10
732806180,10
732806190,10
732806200,11
732806210,11
732806220,11
732806230,11
732806240,11
732806250,11
732806260,11
732806270,11
732806280,11
732806290,11
732806300,11
732806310,10
732806320,10
732806330,10
732806340,10
732806350,10
732806360,10
732806370,10
732806380,10
732806390,10
732806400,10
732806410,10
732806420,10
732806430,10
732806440,10
732806450,10
732806460,10
732806470,10
732806480,10
732806490,10
732806500,10
732806510,10
732806520,9
732806530,8
732806540,8
732806550,8
732806560,7
732806570,7
732806640,8
732806650,9
732806660,9
732806670,9
732806680,9
732806690,10
732806700,11
732806710,11
732806720,10
732806730,10
732806800,10
732807360,9
732807370,8
732807380,8
732807390,8
732807400,8
732807410,9
732807420,9
732807430,9
732807440,9
732807450,9
732807460,9
732807470,9
732807480,9
732807490,9
732807500,9
732807510,9
732807520,9
732807530,8
732807540,8
732807550,8
732807560,8
732807570,8
732807580,8
732807590,8
732807600,8
732807610,8
732807620,8
732807630,8
732807640,7
732807650,7
732807660,7
732807670,8
732807680,9
732807690,9
732807700,9
732807710,9
732807720,9
732807730,9
732807740,9
732807750,9
732807760,8
732807770,8
732807780,8
732807790,8
732807800,8
732807810,8
732807820,8
732807830,9
732807840,9
732807850,9
732807860,9
732807870,9
732807880,9
732807890,9
732807900,9
732807910,9
732807920,9
732807930,9
732807940,9
732807950,9
732807960,9
732807970,9
732807980,9
732807990,8
732808000,8
732808010,8
732808020,9
732808030,10
732808040,10
732808050,10
732808060,10
732808070,10
732808080,9
732808090,8
732808100,8
732808110,7
732808120,7
732808130,7
732808140,8
732808150,7
732808160,8
732808170,9
732808180,9
732808190,9
732808200,9
732808210,9
732808220,9
732808230,9
732808240,9
732808250,10
732808260,10
732808270,10
732808280,10
732808290,9
732808300,9
732808310,9
732808320,9
732808330,9
732808340,9
732808350,9
732808360,9
732808370,9
732808380,9
732808390,10
732808400,10
732808410,10
732808420,10
732808430,10
732808440,10
732808450,10
732808460,10
732808470,9
732808480,9
732808490,9
732808500,9
732808510,9
732808520,9
732808530,9
732808540,10
732808550,10
732808560,10
732808570,10
732808580,10
732808590,10
732808600,10
732808610,10
732808620,10
732808630,10
732808640,10
732808650,10
732808660,10
732808670,10
732808680,10
732808690,10
732808700,10
732808710,10
732808720,10
732808730,10
732808740,10
732808750,11
732808760,11
732808770,11
732808780,11
732808790,11
732808800,11
732808810,10
732808820,10
732808830,10
732808840,10
732808850,10
732808860,10
732808870,10
732808880,10
732808890,10
732808900,10
732808910,10
732808920,8
732808930,8
732808940,8
732808950,8
732808960,8
732808970,8
732808980,8
732808990,8
732809000,9
732809010,9
732809020,9
732809030,9
732809040,9
732809050,9
732809060,9
732809070,9
732809080,9
732809090,8
732809100,8
732809110,8
732809120,8
732809130,8
732809140,8
732809150,8
732809160,8
732809170,9
732809180,9
732809190,9
732809200,9
732809210,9
732809220,10
732809230,10
732809240,10
732809250,10
732809260,10
732809270,10
732809280,10
732809290,10
732809300,10
732809310,9
732809320,9
732809330,9
732809340,9
732809350,9
732809360,9
732809370,10
732809380,10
732809390,9
732809400,9
732809410,9
732809420,9
732809430,8
732809440,8
732809450,8
732809460,8
732809470,8
732809480,8
732809490,9
732809500,9
732809510,10
732809520,10
732809530,10
732809540,9
732809550,8
732809620,6
732809630,6
732809640,5
732809650,5
732809660,6
732809680,7
732809690,8
732809700,9
732809710,8
732809720,8
732809730,8
732809740,8
732809750,8
732809760,8
732809770,7
732809780,7
732809790,7
732809800,7
732809810,6
732809820,7
732809830,8
732809840,9
732809850,10
732809860,9
732809870,9
732809880,9
732809890,9
732809900,8
732809910,7
732809920,7
732809930,7
732809940,8
732809950,8
732809960,8
732809970,10
732809980,10
732809990,10
732810000,9
732810010,9
732810020,9
732810030,9
732810040,9
732810050,9
732810060,9
732810070,8
732810080,8
732810090,8
732810100,8
732810110,8
732810120,8
732810130,8
732810140,8
732810150,9
732810160,9
732810170,9
732810180,9
732810190,9
732810200,9
732810210,9
732810220,9
732810230,8
732810240,8
732810250,8
732810260,8
732810270,8
732810280,8
732810290,8
732810300,7
732810310,7
732810320,7
732810330,8
732810340,8
732810350,8
732810360,8
732810370,8
732810380,8
732810390,8
732810400,8
732810410,8
732810420,8
732810430,8
732810440,8
732810450,8
732810460,8
732810470,8
732810480,8
732810490,8
732810500,8
732810510,8
732810520,8
732810530,8
732810540,8
732810550,8
732810560,8
732810570,8
732810580,8
732810590,8
732810600,8
732810610,8
732810620,8
732810630,8
732810640,8
732810650,8
732810660,9
732810670,9
732810680,9
732810690,9
732810700,9
732810710,9
732810720,10
732810730,10
732810740,10
732810750,10
732810760,10
732810770,10
732810780,10
732810790,10
732810800,10
732810810,9
732810820,9
732810830,9
732810840,9
732810850,9
732810860,10
732810870,10
732810880,10
732810890,10
732810900,10
732810910,8
732810920,8
732810930,8
732810940,8
732811000,8
732811010,8
732811020,8
732811030,8
732811040,8
732811050,8
732811060,8
732811070,8
732811080,8
732811090,8
732811100,8
732811110,8
732811120,8
732811130,8
732811140,8
732811150,8
732811160,8
732811170,8
732811180,8
732811200,7
732811210,8
732811220,7
732811230,7
732811240,7
732811250,7
732811260,7
732811270,7
732811280,7
732811290,7
732811300,8
732811310,8
732811320,8
732811330,8
732811340,8
732811350,8
732811530,7
732811540,7
732811550,8
732811560,8
732811570,8
732811580,8
732811590,8
732811600,9
732811610,9
732811620,8
732811630,8
732811640,8
732811650,8
732811660,7
732811670,7
732811680,7
732811690,7
732811700,7
732811710,7
732811720,6
732811730,6
732811740,7
732811750,7
732811760,7
732811770,7
732811780,7
732811790,7
732811800,7
732811810,7
732811820,7
732811830,7
732811840,8
732811850,8
732811860,8
732811870,8
732811880,8
732811890,8
732811900,8
732811910,8
732811920,8
732811930,9
732811940,9
732811950,9
732811960,9
732811970,9
732811980,9
732811990,9
732812000,9
732812010,9
732812020,9
732812030,9
732812040,9
732812050,8
732812060,8
732812070,8
732812080,8
732812090,8
732812100,8
732812110,8
732812120,9
732812130,9
732812140,9
732812150,9
732812160,10
732812170,9
732812180,9
732812190,9
732812200,9
732812210,9
732812220,9
732812230,9
732812240,9
732812250,9
732812260,9
732812270,9
732812280,9
732812290,9
732812300,9
732812310,9
732812320,9
732812330,9
732812340,9
732812350,10
732812360,10
732812370,10
732812380,10
732812390,10
732812400,10
732812410,10
732812420,10
732812430,10
732812440,10
732812450,10
732812460,11
732812470,11
732812480,11
732812490,10
732812500,10
732812510,10
732812520,10
732812530,10
732812540,10
732812550,10
732812560,10
732812570,10
732812580,10
732812590,9
732812600,9
732812610,9
732812620,9
732812630,9
732812640,9
732812650,10
732812660,10
732812670,10
732812680,10
732812690,10
732812700,10
732812710,10
732812720,10
732812730,10
732812740,10
732812750,10
732812760,11
732812770,9
732812780,9
732812790,9
732812800,9
732812810,9
732812880,9
732812890,9
732812900,9
732812910,9
732812920,9
732812930,9
732812940,9
732812950,9
732812960,8
732812970,8
732812980,9
732812990,9
732813000,9
732813010,9
732813020,10
732813030,10
732813040,10
732813050,10
732813060,10
732813070,10
732813080,10
732813090,10
732813100,10
732813110,10
732813120,10
732813130,10
732813140,10
732813150,10
732813160,10
732813170,10
732813180,10
732813190,10
732813200,10
732813210,10
732813220,10
732813230,10
732813240,10
732813250,10
732813260,10
732813270,10
732813280,10
732813290,10
732813300,10
732813310,10
732813320,10
732813330,10
732813340,9
732813350,9
732813360,9
732813370,9
732813380,9
732813390,8
732813400,8
732813410,8
732813420,8
732813430,8
732813440,8
732813450,8
732813460,8
732813470,8
732813480,9
732813490,9
732813500,8
732813510,7
732813580,7
732813590,8
732813600,7
732813610,7
732813620,7
732813630,7
732813640,8
732813650,9
732813660,8
732813670,8
732813680,9
732813690,8
732813700,6
732813710,6
732813720,6
732813730,6
732813740,6
732813750,7
732813760,7
732813770,9
732813780,10
732813790,11
732813800,11
732813810,11
732813820,11
732813830,11
732813840,10
732813850,10
732813860,10
732813870,10
732813880,10
732813890,10
732813900,10
732813910,10
732813920,10
732813930,10
732813940,10
732813950,10
732813960,10
732813970,10
732813980,10
732813990,10
732814000,10
732814010,10
732814020,10
732814030,10
732814040,10
732814050,10
732814060,10
732814070,10
732814080,10
732814090,10
732814100,10
732814110,10
732814120,9
732814130,9
732814140,9
732814150,9
732814160,8
732814170,7
732814180,7
732814190,7
732814200,7
732814210,7
732814220,7
732814230,7
732814240,8
732814250,8
732814260,7
732814270,7
732814280,7
732814290,7
732814300,7
732814310,7
732814320,7
732814330,7
732814340,7
732814350,7
732814360,8
732814370,7
732814380,8
732814390,8
732814400,8
732814410,8
732814420,8
732814430,8
732814440,8
732814450,8
732814460,8
732814470,8
732814480,8
732814490,8
732814500,8
732814510,8
732814520,8
732814530,8
732814540,8
732814550,8
732814560,9
732814570,9
732814580,9
732814590,9
732814600,9
732814610,9
732814620,9
732814630,9
732814640,9
732814650,9
732814660,10
732814670,9
732814680,9
732814690,9
732814700,9
732814710,9
732814720,9
732814730,9
732814740,9
732814750,9
732814760,9
732814770,9
732814780,9
732814790,9
732814800,9
732814810,9
732814820,9
732814830,9
732814840,9
732814850,9
732814860,9
732814870,9
732814880,9
732814890,9
732814900,9
732814910,9
732814920,9
732814930,9
732814940,9
732814950,8
732814960,7
732814970,7
732814980,7
732814990,7
732815000,7
732815010,6
732815020,7
732815030,7
732815040,8
732815050,8
732815060,9
732815070,9
732815080,8
732815090,8
732815100,8
732815110,8
732815120,9
732815130,10
732815140,10
732815150,10
732815160,10
732815170,10
732815180,7
732815520,10
732815530,9
732815540,9
732815620,9
732815630,9
732815640,9
732815650,9
732815660,10
732815670,10
732815680,10
732815690,10
732815700,10
732815710,10
732815720,9
732815730,9
732815740,9
732815750,8
732815760,8
732815770,8
732815780,8
732815790,8
732815800,8
732815810,8
732815820,8
732815830,8
732815840,8
732815850,9
732815860,9
732815870,9
732815880,9
732815890,9
732815900,9
732815910,9
732815920,8
732815930,8
732815940,8
732815950,8
732815960,9
732815970,9
732815980,9
732815990,9
732816000,9
732816010,9
732816020,9
732816030,9
732816040,9
732816050,9
732816060,9
732816070,9
732816080,9
732816090,9
732816100,9
732816110,9
732816120,9
732816130,9
732816140,9
732816150,9
732816160,9
732816170,9
732816180,9
732816190,9
732816200,8
732816210,8
732816220,8
732816230,8
732816240,8
732816250,8
732816260,8
732816270,9
732816280,9
732816290,8
732816300,8
732816310,8
732816320,8
732816330,8
732816340,8
732816350,8
732816360,8
732816370,7
732816380,7
732816390,6
732816400,6
732816410,6
732816420,6
732816430,6
732816440,6
732816450,6
732816460,6
732816470,6
732816480,7
732816490,7
732816500,7
732816510,7
732816520,6
732816530,6
732816540,5
732816550,5
732816560,5
732816570,5
732816580,5
732816590,6
732816600,8
732816610,7
732816620,8
732816630,7
732816640,7
732816650,7
732816660,8
732816670,8
732816680,8
732816690,7
732816700,7
732816710,7
732816720,7
732816730,6
732816740,6
732816750,6
732816760,6
732816770,6
732816780,7
732816790,7
732816800,7
732816810,7
732816820,7
732816830,8
732816840,8
732816850,8
732816860,8
732816870,8
732816880,8
732816890,8
732816900,9
732816910,8
732816920,8
732816930,8
732816940,8
732816950,8
732816960,8
732816970,8
732816980,8
732816990,8
732817000,8
732817010,8
732817020,8
732817030,8
732817040,8
732817050,8
732817060,8
732817070,8
732817080,8
732817090,8
732817100,8
732817110,8
732817120,8
732817130,9
732817140,8
732817150,8
732817160,8
732817170,8
732817180,8
732817190,8
732817200,8
732817210,8
732817220,9
732817230,8
732817240,8
732817250,7
732817260,7
732817270,7
732817280,7
732817290,8
732817300,8
732817310,8
732817320,8
732817330,9
732817340,9
732817350,9
732817360,9
732817370,9
732817380,9
732817390,9
732817400,9
732817410,9
732817420,9
732817430,9
732817440,8
732817450,8
732817460,8
732817470,8
732817480,8
732817490,7
732817500,7
732817510,7
732817520,7
732817530,7
732817540,7
732817550,7
732817560,7
732817570,7
732817580,7
732817590,7
732817600,7
732817610,7
732817620,7
732817630,7
732817640,7
732817650,8
732817660,8
732817670,9
732817680,9
732817690,9
732817700,9
732817710,9
732817720,9
732817730,9
732817740,9
732817750,9
732817760,9
732817770,9
732817780,9
732817790,9
732817800,9
732817810,10
732817820,10
732817830,10
732817840,9
732817850,9
732817860,9
732817870,9
732817880,9
732817890,9
732817900,9
732817910,9
732817920,9
732817930,9
732817940,9
732817950,9
732817960,9
732817970,9
732817980,9
732817990,8
732818000,7
732818010,7
732818020,7
732818030,7
732818040,7
732818050,8
732818060,9
732818070,9
732818080,9
732818090,9
732818100,9
732818110,9
732818120,9
732818130,9
732818140,8
732818150,9
732818160,9
732818170,10
732818180,10
732818190,10
732818200,10
732818210,10
732818220,10
732818230,10
732818240,10
732818250,10
732818260,10
732818270,10
732818280,10
732818290,10
732818300,10
732818310,10
732818320,10
732818330,10
732818340,10
732818350,10
732818360,9
732818370,9
732818380,9
732818390,10
732818400,10
732818410,10
732818420,10
732818430,10
732818440,9
732818450,9
732818460,8
732818470,8
732818480,8
732818490,8
732818500,9
732818510,10
732818520,10
732818530,10
732818540,11
732818550,11
732818560,11
732818570,11
732818580,11
732818590,11
732818600,11
732818610,10
732818620,10
732818630,10
732818640,10
732818650,9
732818660,9
732818670,9
732818680,9
732818690,8
732818700,8
732818710,8
732818720,9
732818730,9
732818740,9
732818750,9
732818760,9
732818770,9
732818780,9
732818790,9
732818800,9
732818810,9
732818820,9
732818830,9
732818840,8
732818850,7
732818860,8
732818870,8
732818880,8
732818890,8
732818900,8
732818910,9
732818920,9
732818930,9
732818940,9
732818950,9
732818960,9
732818970,9
732818980,9
732818990,9
732819000,9
732819010,9
732819020,9
732819030,9
732819040,10
732819050,10
732819060,10
732819070,10
732819080,10
732819090,10
732819100,10
732819110,10
732819120,10
732819130,10
732819140,10
732819150,10
732819160,10
732819170,10
732819180,10
732819190,10
732819200,10
732819210,10
732819220,10
732819230,10
732819240,10
732819250,10
732819260,10
732819270,10
732819280,10
732819290,10
732819300,10
732819310,10
732819320,9
732819330,9
732819340,9
732819350,9
732819360,9
732819370,9
732819380,9
732819390,9
732819400,9
732819410,9
732819420,9
732819430,9
732819440,9
732819450,9
732819460,9
732819470,9
732819480,9
732819490,9
732819500,10
732819510,10
732819520,10
732819530,10
732819540,10
732819550,9
732819560,9
732819570,9
732819580,9
732819590,9
732819600,9
732819610,10
732819620,10
732819630,9
732819640,9
732819650,10
732819660,10
732819670,9
732819680,9
732819690,9
732819700,9
732819710,9
732819720,9
732819730,9
732819740,9
732819750,9
732819760,9
732819770,9
732819780,9
732819790,9
732819800,9
732819810,9
732819820,9
732819830,9
732819840,9
732819850,9
732819860,9
732819870,9
732819880,9
732819890,10
732819900,10
732819910,10
732819920,10
732819930,10
732819940,10
732819950,10
732819960,10
732819970,10
732819980,10
732819990,9
732820000,9
732820010,9
732820020,8
732820030,8
732820040,8
732820050,8
732820060,8
732820070,8
732820080,8
732820090,8
732820100,8
732820110,8
732820120,8
732820130,8
732820140,8
732820150,8
732820160,8
732820170,8
732820180,8
732820190,8
732820200,8
732820210,8
732820220,8
732820230,9
732820240,9
732820250,9
732820260,9
732820270,8
732820280,8
732820290,8
732820300,8
732820310,8
732820320,8
732820330,8
732820340,8
732820350,8
732820360,8
732820370,8
732820380,8
732820390,8
732820400,8
732820410,8
732820420,8
732820430,8
732820440,8
732820450,9
732820460,9
732820470,9
732820480,9
732820490,9
732820500,10
732820510,10
732820520,10
732820530,9
732820540,9
732820550,9
732820560,9
732820570,9
732820580,8
732820590,8
732820600,8
732820610,7
732820620,7
732820630,6
732820740,7
732820750,7
732820760,7
732820770,7
732820780,7
732820790,7
732820800,7
732820870,8
732820880,8
732820890,8
732820900,8
732820910,8
732820920,8
732820930,8
732820940,8
732820950,8
732820960,8
732820970,8
732820980,8
732820990,8
732821000,8
732821010,8
732821020,9
732821030,9
732821040,9
732821050,9
732821060,9
732821070,9
732821080,8
732821090,8
732821100,8
732821110,8
732821310,5
732821320,7
732821330,8
732821340,8
732821350,9
732821360,8
732821370,7
732821380,7
732821390,7
732821400,6
732821410,6
732821420,6
732821430,6
732821440,6
732821450,6
732821460,6
732821470,6
732821480,6
732821490,6
732821500,6
732821510,6
732821520,6
732821530,6
732821540,6
732821550,6
732821560,6
732821570,7
732821580,8
732821590,8
732821600,8
732821610,8
732821620,8
732821630,9
732821640,9
732821650,9
732821660,9
732821670,9
732821680,9
732821690,9
732821700,9
732821710,9
732821720,9
732821730,9
732821740,9
732821750,9
732821760,9
732821770,9
732821780,9
732821790,9
732821800,9
732821810,9
732821820,9
732821830,9
732821840,9
732821850,9
732821860,9
732821870,9
732821880,9
732821890,9
732821900,9
732821910,9
732821920,9
732821930,9
732821970,9
732821980,9
732821990,9
732822000,9
732822010,9
732822020,9
732822030,9
732822040,9
732822050,9
732822060,9
732822070,9
732822080,9
732822090,9
732822100,9
732822110,9
732822120,9
732822130,9
732822140,9
732822150,9
732822160,9
732822170,9
732822180,9
732822190,10
732822200,10
732822210,10
732822220,10
732822230,10
732822240,10
732822250,10
732822260,10
732822270,10
732822280,10
732822290,10
732822300,10
732822310,10
732822320,11
732822330,11
732822340,11
732822350,11
732822360,11
732822370,10
732822380,9
732822390,9
732822400,9
732822410,9
732822420,9
732822430,9
732822440,9
732822450,8
732822460,9
732822470,9
732822480,9
732822490,9
732822500,9
732822510,9
732822520,9
732822530,10
732822540,10
732822550,10
732822560,9
732822570,8
732822580,8
732822590,8
732822600,8
732822610,7
732822620,7
732822630,7
732822640,7
732822650,7
732822660,7
732822670,7
732822680,7
732822690,8
732822700,8
732822710,8
732822720,9
732822730,8
732822740,8
732822750,8
732822760,8
732822770,8
732822780,8
732822790,8
732822800,9
732822810,9
732822820,9
732822830,9
732822840,9
732822850,9
732822860,9
732822870,9
732822880,9
732822890,9
732822900,9
732822910,9
732822920,9
732822930,9
732822940,9
732822950,9
732822960,9
732822970,9
732822980,10
732822990,10
732823000,10
732823010,10
732823020,10
732823030,10
732823040,10
732823050,10
732823060,10
732823070,10
732823080,10
732823090,10
732823100,9
732823110,8
732823120,9
732823130,9
732823140,9
732823150,9
732823160,10
732823170,10
732823180,10
732823190,10
732823200,10
732823210,10
732823220,10
732823230,10
732823240,10
732823250,10
732823260,10
732823270,10
732823280,10
732823290,10
732823300,10
732823310,10
732823320,10
732823330,10
732823340,10
732823350,10
732823360,10
732823370,10
732823380,10
732823390,10
732823400,10
732823410,10
732823420,10
732823430,10
732823440,10
732823450,10
732823460,10
732823470,9
732823480,9
732823490,9
732823500,9
732823510,9
732823520,9
732823530,10
732823540,10
732823550,10
732823560,10
732823570,10
732823580,10
732823590,10
732823600,10
732823610,10
732823620,10
732823630,10
732823640,11
732823650,11
732823660,11
732823670,11
732823680,11
732823690,11
732823700,11
732823710,11
732823720,11
732823730,11
732823740,11
732823750,11
732823760,11
732823770,11
732823780,11
732823790,11
732823800,11
732823810,10
732823820,9
732823830,9
732823840,9
732823850,9
732823860,9
732823870,9
732823880,9
732823890,9
732823900,9
732823910,9
732823920,9
732823930,9
732823940,9
732823950,10
732823960,11
732823970,10
732823980,10
732823990,10
732824000,10
732824010,10
732824020,10
732824030,10
732824040,10
732824050,9
732824060,9
732824070,9
732824080,10
732824090,10
732824100,10
732824110,10
732824120,10
732824130,10
732824140,10
732824150,10
732824160,10
732824170,10
732824180,10
732824190,10
732824200,10
732824210,10
732824220,10
732824230,10
732824240,10
732824250,10
732824260,9
732824270,9
732824280,9
732824290,9
732824300,9
732824310,9
732824320,8
732824330,8
732824340,8
732824350,8
732824360,8
732824370,8
732824380,8
732824390,8
732824400,8
732824410,8
732824420,8
732824430,8
732824440,8
732824450,8
732824460,8
732824470,8
732824480,8
732824490,8
732824500,8
732824510,8
732824520,8
732824530,8
732824540,8
732824550,8
732824560,8
732824570,8
732824580,8
732824590,8
732824600,8
732824610,9
732824620,9
732824630,9
732824640,9
732824650,9
732824660,9
732824670,9
732824680,9
732824690,9
732824700,9
732824710,9
732824720,9
732824730,9
732824740,9
732824750,9
732824760,9
732824770,8
732824780,8
732824790,8
732824800,8
732824810,8
732824820,8
732824830,9
732824840,9
732824850,9
732824860,9
732824870,9
732824880,9
732824890,9
732824900,9
732824910,9
732824920,9
732824930,9
732824940,9
732824950,10
732824960,10
732824970,9
732824980,9
732824990,9
732825000,9
732825010,9
732825020,9
732825030,9
732825040,9
732825050,9
732825060,9
732825070,9
732825080,9
732825090,9
732825100,9
732825110,10
732825120,10
732825130,10
732825140,10
732825150,10
732825160,10
732825170,10
732825180,10
732825190,10
732825200,10
732825210,10
732825220,9
732825230,9
732825240,9
732825250,10
732825260,10
732825270,10
732825280,10
732825290,10
732825300,10
732825310,10
732825320,10
732825330,10
732825340,9
732825350,10
732825360,10
732825370,10
732825380,10
732825390,10
732825400,10
732825410,10
732825420,10
732825430,10
732825440,10
732825450,10
732825460,9
732825470,9
732825480,9
732825490,9
732825500,9
732825510,9
732825520,9
732825530,9
732825540,9
732825550,9
732825560,9
732825570,9
732825580,9
732825590,9
732825600,9
732825610,9
732825620,9
732825630,9
732825640,9
732825650,9
732825660,9
732825670,9
732825680,9
732825690,9
732825700,8
732825710,8
732825720,8
732825730,8
732825740,8
732825750,8
732825760,8
732825770,8
732825780,8
732825790,8
732825800,8
732825810,8
732825820,8
732825830,8
732825840,8
732825850,8
732825860,9
732825870,9
732825880,9
732825890,9
732825900,9
732825910,9
732825920,9
732825930,9
732825940,9
732825950,9
732825960,9
732825970,9
732825980,9
732825990,9
732826000,9
732826010,10
732826020,10
732826030,10
732826040,10
732826050,10
732826060,10
732826070,10
732826080,10
732826090,10
732826100,10
732826110,10
732826120,10
732826130,10
732826140,11
732826150,11
732826160,11
732826170,11
732826180,11
732826190,11
732826200,11
732826210,11
732826220,11
732826230,11
732826240,11
732826250,11
732826260,11
732826270,9
732826280,8
732826290,8
732826300,8
732826310,8
732826320,8
732826330,10
732826340,10
732826350,10
732826360,10
732826370,10
732826380,10
732826390,10
732826400,10
732826410,11
732826420,11
732826430,10
732826440,10
732826450,10
732826460,10
732826470,9
732826480,9
732826490,9
732826500,9
732826510,9
732826520,8
732826580,9
732826590,8
732826900,10
732826910,10
732826920,10
732826930,10
732826940,10
732826950,10
732826960,10
732826970,10
732826980,10
732826990,10
732827000,10
732827010,10
732827020,10
732827030,10
732827040,10
732827050,10
732827060,10
732827070,10
732827080,10
732827090,9
732827100,9
732827110,8
732827120,8
732827130,8
732827140,8
732827150,8
732827160,8
732827170,8
732827180,8
732827190,8
732827200,8
732827210,8
732827220,8
732827230,8
732827240,8
732827250,8
732827260,9
732827270,9
732827280,9
732827290,9
732827300,9
732827310,9
732827320,9
732827330,9
732827340,8
732827350,8
732827360,8
732827370,8
732827380,9
732827390,9
732827400,9
732827410,9
732827420,9
732827430,9
732827440,9
732827450,10
732827460,10
732827470,9
732827480,9
732827490,9
732827500,9
732827510,9
732827520,9
732827530,9
732827540,9
732827550,9
732827560,9
732827570,9
732827580,10
732827590,10
732827600,10
732827610,10
732827620,10
732827630,10
732827640,10
732827650,10
732827660,10
732827670,10
732827680,10
732827690,10
732827700,10
732827710,10
732827720,10
732827730,10
732827740,11
732827750,11
732827760,11
732827770,11
732827780,11
732827790,11
732827800,10
732827810,10
732827820,10
732827830,10
732827840,10
732827850,10
732827860,10
732827870,10
732827880,10
732827890,10
732827900,10
732827910,9
732827920,9
732827930,9
732827940,9
732827950,10
732827960,10
732827970,10
732827980,10
732827990,10
732828000,9
732828010,9
732828020,9
732828030,9
732828040,9
732828050,9
732828060,9
732828070,9
732828080,9
732828090,9
732828100,9
732828110,9
732828120,9
732828130,9
732828140,9
732828150,9
732828160,9
732828170,9
732828180,9
732828190,9
732828200,9
732828210,9
732828220,7
732828230,7
732828240,7
732828250,7
732828260,7
732828270,7
732828280,7
732828290,7
732828300,8
732828310,8
732828320,8
732828330,8
732828340,8
732828350,8
732828360,8
732828370,8
732828380,8
732828390,9
732828400,9
732828410,9
732828420,9
732828430,9
732828440,8
732828450,8
732828460,7
732828470,7
732828480,7
732828490,7
732828500,7
732828510,7
732828520,7
732828530,7
732828540,7
732828550,7
732828640,8
732828650,8
732828660,7
732828670,7
732828680,7
732828690,7
732828700,7
732828710,7
732828720,7
732828730,7
732828740,7
732828750,7
732828760,7
732828770,7
732828780,7
732828790,7
732828800,7
732828810,7
732828820,7
732828830,7
732828840,7
732828850,7
732828860,7
732828870,7
732828880,7
732828890,8
732828900,8
732828910,8
732828920,7
732828930,7
732828940,8
732828950,8
732828960,6
732828970,6
732828980,6
732828990,6
732829000,6
732829010,6
732829020,6
732829030,6
732829040,6
732829050,6
732829060,6
732829070,7
732829080,7
732829090,7
732829100,7
732829110,7
732829120,7
732829130,7
732829140,7
732829150,7
732829160,7
732829170,8
732829180,9
732829190,9
732829200,9
732829210,9
732829220,9
732829230,9
732829260,8
732829270,8
732829280,8
732829290,8
732829300,7
732829310,8
732829320,8
732829330,8
732829340,8
732829350,8
732829360,8
732829370,8
732829380,8
732829390,8
732829400,8
732829410,8
732829420,8
732829430,8
732829440,8
732829450,8
732829460,8
732829470,7
732829480,8
732829490,9
732829500,9
732829510,9
732829520,9
732829530,9
732829540,9
732829550,9
732829560,9
732829570,9
732829580,9
732829590,9
732829600,9
732829610,9
732829620,10
732829630,10
732829640,10
732829650,10
732829660,9
732829670,8
732829680,8
732829690,8
732829700,8
732829710,8
732829720,8
732829730,8
732829740,8
732829750,7
732829760,7
732829770,7
732829780,7
732829790,7
732829800,7
732829810,8
732829820,8
732829830,8
732829840,8
732829850,8
732829860,9
732829870,10
732829880,10
732829890,10
732829900,9
732829910,9
732829920,9
732829930,8
732829940,8
732829950,8
732829960,8
732829970,8
732829980,8
732829990,7
732830000,7
732830010,7
732830020,7
732830080,7
732830090,7
732830100,7
732830290,9
732830300,9
732830310,9
732830320,9
732830330,9
732830340,9
732830350,9
732830360,9
732830370,9
732830380,9
732830390,9
732830400,9
732830410,9
732830420,9
732830430,9
732830440,9
732830450,9
732830460,9
732830470,9
732830480,9
732830490,9
732830500,9
732830510,9
732830520,9
732830530,9
732830540,9
732830550,9
732830560,9
732830570,9
732830580,9
732830590,9
732830600,9
732830610,8
732830620,9
732830630,9
732830640,9
732830650,9
732830660,9
732830670,9
732830680,9
732830690,9
732830700,9
732830710,9
732830720,9
732830730,9
732830740,9
732830750,9
732830760,9
732830770,9
732830780,9
732830790,9
732830800,9
732830810,9
732830820,9
732830830,9
732830840,9
732830850,9
732830860,9
732830870,9
732830880,9
732830890,9
732830900,9
732830910,8
732830920,8
732830930,8
732830940,9
732830950,9
732830960,9
732830970,9
732830980,9
732830990,9
732831000,9
732831010,9
732831020,9
732831030,9
732831040,8
732831050,9
732831060,9
732831070,8
732831080,7
732831090,7
732831100,7
732831110,7
732831120,7
732831130,7
732831190,7
732831200,8
732831210,8
732831220,8
732831230,7
732831240,7
732831250,7
732831260,7
732831270,7
732831280,8
732831290,8
732831300,8
732831310,8
732831320,8
732831330,8
732831340,8
732831350,8
732831360,9
732831370,9
732831380,9
732831390,9
732831400,9
732831410,9
732831420,10
732831430,10
732831440,10
732831450,10
732831460,10
732831470,10
732831480,10
732831490,10
732831500,10
732831510,10
732831520,10
732831530,10
732831540,10
732831550,10
732831560,10
732831570,10
732831580,10
732831590,10
732831600,10
732831610,10
732831620,10
732831630,10
732831640,10
732831650,9
732831660,8
732831670,8
732831680,8
732831690,8
732831700,8
732831710,8
732831720,8
732831730,8
732831740,8
732831750,8
732831760,8
732831770,8
732831780,8
732831790,9
732831800,9
732831810,8
732831820,8
732831830,8
732831840,9
732831850,9
732831860,9
732831870,10
732831880,10
732831890,9
732831900,8
732831910,8
732831920,8
732831930,7
732831940,7
732831950,8
732831960,8
732831970,8
732831980,8
732831990,8
732832000,8
732832010,8
732832020,8
732832030,8
732832040,8
732832050,8
732832060,8
732832070,8
732832080,8
732832090,8
732832100,8
732832110,8
732832120,8
732832130,8
732832140,8
732832150,8
732832160,8
732832170,9
732832180,9
732832190,8
732832200,8
732832210,8
732832220,8
732832230,8
732832240,8
732832250,8
732832260,9
732832270,9
732832280,9
732832290,9
732832300,9
732832310,9
732832320,9
732832330,9
732832340,9
732832350,9
732832360,9
732832370,8
732832380,8
732832390,8
732832400,8
732832410,8
732832420,9
732832430,9
732832440,6
732832520,5
732832530,5
732832540,5
732832550,6
732832560,6
732832570,6
732832580,6
732832590,7
732832600,7
732832610,7
732832620,7
732832630,8
732832640,8
732832650,8
732832660,8
732832670,8
732832680,9
732832690,9
732832700,9
732832710,9
732832720,8
732832730,8
732832740,7
732832750,8
732832760,8
732832770,8
732832780,8
732832790,8
732832800,8
732832810,8
732832820,8
732832830,9
732832840,10
732832850,10
732832860,10
732832870,10
732832880,10
732832890,10
732832900,10
732832910,10
732832920,10
732832930,10
732832940,10
732832950,10
732832960,10
732832970,10
732832980,10
732832990,10
732833000,10
732833010,10
732833020,11
732833030,11
732833040,11
732833050,11
732833060,11
732833070,11
732833080,11
732833090,10
732833100,10
732833110,10
732833120,10
732833130,10
732833140,10
732833150,10
732833160,10
732833170,10
732833180,10
732833190,10
732833200,10
732833210,10
732833220,10
732833230,10
732833240,10
732833250,10
732833260,10
732833270,10
732833280,9
732833290,9
732833300,9
732833310,9
732833320,10
732833330,10
732833340,10
732833350,10
732833360,10
732833370,10
732833380,10
732833390,10
732833400,10
732833410,10
732833420,10
732833430,10
732833440,10
732833450,10
732833460,10
732833470,10
732833480,10
732833490,10
732833500,9
732833510,9
732833520,9
732833530,9
732833540,9
732833550,9
732833560,9
732833570,10
732833580,10
732833590,10
732833600,10
732833610,10
732833620,10
732833630,10
732833640,10
732833650,10
732833660,10
732833670,10
732833680,10
732833690,9
732833700,9
732833710,9
732833720,9
732833730,8
732833740,8
732833750,8
732833760,8
732833770,9
732833780,9
732833790,9
732833800,9
732833810,8
732833820,7
732833830,7
732833840,7
732833850,6
732833860,6
732833870,6
732833880,6
732833890,6
732833900,6
732833910,6
732833920,7
732833930,7
732833940,7
732833950,8
732834000,7
732834010,8
732834020,8
732834030,8
732834040,8
732834050,9
732834060,9
732834070,9
732834080,9
732834090,9
732834100,9
732834110,9
732834120,9
732834130,8
732834140,8
732834150,8
732834160,8
732834170,8
732834180,8
732834190,8
732834200,8
732834210,8
732834220,8
732834230,8
732834240,8
732834250,8
732834260,9
732834270,9
732834280,8
732834290,8
732834300,8
732834310,8
732834320,8
732834330,8
732834340,9
732834350,8
732834360,8
732834370,8
732834380,8
732834390,8
732834400,8
732834410,8
732834420,8
732834430,8
732834440,9
732834450,9
732834460,9
732834470,9
732834480,9
732834490,9
732834500,9
732834510,9
732834520,9
732834530,9
732834540,9
732834550,9
732834560,9
732834570,9
732834580,9
732834590,9
732834600,9
732834610,9
732834620,9
732834630,9
732834640,9
732834650,9
732834660,9
732834670,9
732834680,9
732834690,9
732834700,9
732834710,9
732834720,9
732834730,8
732834740,8
732834750,8
732834760,8
732834790,8
732834860,7
732834870,7
732834880,9
732834890,7
732834960,6
732834970,9
732834980,9
732834990,9
732835000,9
732835010,8
732835020,8
732835030,8
732835040,8
732835050,8
732835060,7
732835070,9
732835080,9
732835090,9
732835100,9
732835110,9
732835120,10
732835130,10
732835140,11
732835150,11
732835160,11
732835170,9
732835180,9
732835190,9
732835200,9
732835300,8
732835310,8
732835320,8
732835330,8
732835340,8
732835350,10
732835360,10
732835370,11
732835380,11
732835390,11
732835400,11
732835410,11
732835420,11
732835430,11
732835440,11
732835450,11
732835460,11
732835470,11
732835480,11
732835490,11
732835500,11
732835510,11
732835520,10
732835530,10
732835540,10
732835550,10
732835560,10
732835570,10
732835580,10
732835590,10
732835600,10
732835610,10
732835620,10
732835630,10
732835640,10
732835650,10
732835660,9
732835670,9
732835680,9
732835690,10
732835700,10
732835710,10
732835720,9
732835730,9
732835740,9
732835750,9
732835760,9
732835770,9
732835780,9
732835790,9
732835800,9
732835810,9
732835820,9
732835830,8
732835840,8
732835850,8
732835860,8
732835870,8
732835880,8
732835890,8
732835900,8
732835910,8
732835920,8
732835930,8
732835940,8
732835950,8
732835960,8
732835970,8
732835980,8
732835990,8
732836000,8
732836010,8
732836020,8
732836030,8
732836040,8
732836050,8
732836060,7
732836070,7
732836080,7
732836090,7
732836100,8
732836110,8
732836120,8
732836130,8
732836140,8
732836150,8
732836160,8
732836170,9
732836180,9
732836190,9
732836200,9
732836210,9
732836220,9
732836230,9
732836240,10
732836250,10
732836260,10
732836270,10
732836280,10
732836290,10
732836300,10
732836310,10
732836320,10
732836330,10
732836340,10
732836350,10
732836360,11
732836370,11
732836380,11
732836390,11
732836400,11
732836410,11
732836420,11
732836430,11
732836440,11
732836450,10
732836460,10
732836470,10
732836480,10
732836490,10
732836500,10
732836510,10
732836520,10
732836530,10
732836540,10
732836550,10
732836560,10
732836570,9
732836580,10
732836590,10
732836600,10
732836610,10
732836620,10
732836630,9
732836640,9
732836650,9
732836660,9
732836670,9
732836680,9
732836690,9
732836700,9
732836710,9
732836720,9
732836730,10
732836740,10
732836750,10
732836760,10
732836770,10
732836780,10
732836790,10
732836800,10
732836810,10
732836820,10
732836830,10
732836840,10
732836850,10
732836860,10
732836870,9
732836880,9
732836890,9
732836900,9
732836910,9
732836920,9
732836930,9
732836940,9
732836950,9
732836960,9
732836970,9
732836980,9
732836990,9
732837000,9
732837010,9
732837020,9
732837030,9
732837040,9
732837050,9
732837060,9
732837070,9
732837080,9
732837090,9
732837100,10
732837110,10
732837120,10
732837130,9
732837140,9
732837150,9
732837160,9
732837170,9
732837180,9
732837190,9
732837200,9
732837210,8
732837220,8
732837230,8
732837240,7
732837250,7
732837260,6
732837270,6
732837280,6
732837290,6
732837300,7
732837310,6
732837320,6
732837330,6
732837340,5
732837350,6
732837360,6
732837370,7
732837380,9
732837390,9
732837400,10
732837410,9
732837420,9
732837430,9
732837440,9
732837450,8
732837460,8
732837470,8
732837480,8
732837490,9
732837500,9
732837510,9
732837520,8
732837530,8
732837830,10
732837840,10
732837850,10
732837860,10
732837870,10
732837990,9
732838000,9
732838010,9
732838020,9
732838400,8
732838410,8
732838420,8
732838430,9
732838440,10
732838450,10
732838460,10
732838470,10
732838480,10
732838490,10
732838500,10
732838510,10
732838520,10
732838530,10
732838540,10
732838550,10
732838560,10
732838570,10
732838580,10
732838590,10
732838600,10
732838610,9
732838620,9
732838630,9
732838640,9
732838650,9
732838660,9
732838670,10
732838680,10
732838690,10
732838700,10
732838710,10
732838720,9
732838730,9
732838740,9
732838750,9
732838760,9
732838770,9
732838780,9
732838790,9
732838800,9
732838810,9
732838820,9
732838830,9
732838840,9
732838850,9
732838860,9
732838870,9
732838880,10
732838890,10
732838900,10
732838910,10
732838920,10
732838930,10
732838940,10
732838950,10
732838960,10
732838970,10
732838980,10
732838990,10
732839000,10
732839010,10
732839020,9
732839030,9
732839040,9
732839050,9
732839060,9
732839070,9
732839080,9
732839090,9
732839100,9
732839110,9
732839120,9
732839130,9
732839140,9
732839150,10
732839160,10
732839170,10
732839180,10
732839190,10
732839200,10
732839210,10
732839220,9
732839230,9
732839240,9
732839250,9
732839260,9
732839270,8
732839280,8
732839290,8
732839300,8
732839310,8
732839320,8
732839330,8
732839340,8
732839350,9
732839360,9
732839370,9
732839380,8
732839390,7
732839400,7
732839410,7
732839420,7
732839430,7
732839440,7
732839450,7
732839460,9
732839470,8
732839480,8
732839490,8
732839500,8
732839550,8
732839560,7
732839840,8
732839850,8
732839860,8
732839870,8
732839880,9
732839890,9
732839900,9
732839910,9
732839920,9
732839930,9
732839940,9
732839950,9
732839960,9
732839970,9
732839980,9
732839990,9
732840000,9
732840010,9
732840020,9
732840030,9
732840040,8
732840050,8
732840060,8
732840070,8
732840080,8
732840090,8
732840100,9
732840110,9
732840120,9
732840130,9
732840140,9
732840150,9
732840160,9
732840170,8
732840180,8
732840190,8
732840200,8
732840210,8
732840220,8
732840230,9
732840240,9
732840250,9
732840260,9
732840270,9
732840280,8
732840290,8
732840300,8
732840310,8
732840320,8
732840330,8
732840340,8
732840350,8
732840360,8
732840370,9
732840380,9
732840390,10
732840400,8
732840410,8
732840420,8
732840430,6
732840440,6
732840450,7
732840460,7
732840470,7
732840480,6
732840490,6
732840500,8
732840510,8
732840520,9
732840530,9
732840540,9
732840550,7
732840600,6
732840610,6
732840950,5
732841090,8
732841100,9
732841110,9
732841120,10
732841130,9
732841140,8
732841150,8
732841160,8
732841170,8
732841180,9
732841190,9
732841200,11
732841210,11
732841220,10
732841230,9
732841240,9
732841250,9
732841260,9
732841270,8
732841280,8
732841290,8
732841300,8
732841310,8
732841320,8
732841330,8
732841340,8
732841350,8
732841360,8
732841370,8
732841380,8
732841390,8
732841400,8
732841410,8
732841420,8
732841430,8
732841440,9
732841450,9
732841460,8
732841470,8
732841480,8
732841490,8
732841500,8
732841510,8
732841520,8
732841530,8
732841540,8
732841550,9
732841560,9
732841570,9
732841580,9
732841590,9
732841600,10
732841610,10
732841620,10
732841630,10
732841640,10
732841650,10
732841660,10
732841670,10
732841680,10
732841690,10
732841700,10
732841710,9
732841720,9
732841730,9
732841740,9
732841750,9
732841760,9
732841770,9
732841780,9
732841790,9
732841800,9
732841810,9
732841820,9
732841830,9
732841840,9
732841850,9
732841860,9
732841870,9
732841880,9
732841890,9
732841900,9
732841910,9
732841920,9
732841930,9
732841940,9
732841950,9
732841960,9
732841970,10
732841980,10
732841990,10
732842000,10
732842010,10
732842020,10
732842030,10
732842040,10
732842050,10
732842060,10
732842070,10
732842080,10
732842090,10
732842100,10
732842110,10
732842120,10
732842130,10
732842140,10
732842150,10
732842160,10
732842170,10
732842180,9
732842190,8
732842200,8
732842210,8
732842220,8
732842230,8
732842310,8
732842320,8
732842330,8
732842340,8
732842350,8
732842360,9
732842370,9
732842380,9
732842390,10
732842400,10
732842410,10
732842420,10
732842430,10
732842440,10
732842450,11
732842460,11
732842470,10
732842480,9
732842490,9
732842500,9
732842510,9
732842520,9
732842530,9
732842540,9
732842550,9
732842560,9
732842570,9
732842580,9
732842590,9
732842600,9
732842610,8
732842620,8
732842630,8
732842640,8
732842650,8
732842660,8
732842670,9
732842680,9
732842690,7
732842700,7
732842710,7
732842720,7
732842730,7
732842740,7
732842750,7
732842760,8
732842770,8
732842780,8
732842790,8
732842800,8
732842810,8
732842820,8
732842830,8
732842840,8
732842850,8
732842860,8
732842870,8
732842880,7
732842890,7
732842900,7
732843250,6
732843260,7
732843270,7
732843280,7
732843290,8
732843300,9
732843310,9
732843320,10
732843330,9
732843340,9
732843350,9
732843360,9
732843370,9
732843380,9
732843390,10
732843400,9
732843410,9
732843420,8
732843430,8
732843440,7
732843450,6
732843460,6
732843470,6
732843480,6
732843490,7
732843500,8
732843580,10
732843590,10
732843600,10
732843610,10
732843620,10
732843630,10
732843640,10
732843650,10
732843660,10
732843670,9
732843680,9
732843690,9
732843700,8
732843740,6
732843930,7
732843940,7
732843950,8
732843960,9
732843970,9
732843980,9
732843990,10
732844000,10
732844010,10
732844020,10
732844030,10
732844040,10
732844050,10
732844060,10
732844070,10
732844080,10
732844090,10
732844100,10
732844110,9
732844120,9
732844130,9
732844140,8
732844150,8
732844160,8
732844170,8
732844180,8
732844190,8
732844200,8
732844210,8
732844220,8
732844230,8
732844240,9
732844250,9
732844260,9
732844270,9
732844280,9
732844290,9
732844300,9
732844310,9
732844320,9
732844330,9
732844340,9
732844350,9
732844360,9
732844370,9
732844380,9
732844390,9
732844400,9
732844410,9
732844420,9
732844430,9
732844440,9
732844450,9
732844460,9
732844470,9
732844480,9
732844490,8
732844500,8
732844510,8
732844520,8
732844530,8
732844540,8
732844550,8
732844560,8
732844570,8
732844580,8
732844590,8
732844600,8
732844610,8
732844620,8
732844630,8
732844640,8
732844650,8
732844660,8
732844670,8
732844680,9
732844690,9
732844700,10
732844710,10
732844720,10
732844730,10
732844740,10
732844750,10
732844760,10
732844770,10
732844780,10
732844790,10
732844800,10
732844810,9
732844820,10
732844830,10
732844840,10
732844850,10
732844860,10
732844870,10
732844880,10
732844890,10
732844900,9
732844910,9
732844920,9
732844930,9
732844940,9
732844950,9
732844960,9
732844970,9
732844980,11
732844990,11
732845000,11
732845010,10
732845020,10
732845030,10
732845040,10
732845050,10
732845060,10
732845070,10
732845080,10
732845090,11
732845100,11
732845110,10
732845120,9
732845130,8
732845140,8
732845150,7
732845160,7
732845170,7
732845180,7
732845190,7
732845200,8
732845210,8
732845220,8
732845230,7
732845240,7
732845250,8
732845260,8
732845270,7
732845280,7
732845290,7
732845300,7
732845310,7
732845320,7
732845330,7
732845340,7
732845350,8
732845360,8
732845370,8
732845380,8
732845390,9
732845400,9
732845410,9
732845420,9
732845430,8
732845440,8
732845450,8
732845460,8
732845470,8
732845480,8
732845490,8
732845500,8
732845510,8
732845520,8
732845530,8
732845540,8
732845550,8
732845560,8
732845570,8
732845580,8
732845590,8
732845600,9
732845610,9
732845620,9
732845630,9
732845640,9
732845650,9
732845660,10
732845670,10
732845680,10
732845690,10
732845700,10
732845710,10
732845720,10
732845730,10
732845740,10
732845750,9
732845760,9
732845770,9
732845780,9
732845790,10
732845800,10
732845810,10
732845820,10
732845830,10
732845840,10
732845850,10
732845860,10
732845870,10
732845880,10
732845890,10
732845900,10
732845910,10
732845920,10
732845930,10
732845940,10
732845950,10
732845960,10
732845970,10
732845980,10
732845990,10
732846000,10
732846310,10
732846320,10
732846330,10
732846340,10
732846350,11
732846360,10
732846370,10
732846380,10
732846390,9
732846400,8
732846440,7
732846820,4
732846830,4
732846850,6
732846860,6
732846870,7
732846880,8
732846890,8
732846900,8
732846910,8
732846920,9
732846930,9
732846940,9
732846950,9
732846960,9
732846970,9
732846980,9
732846990,9
732847000,9
732847010,10
732847020,10
732847030,10
732847040,10
732847050,10
732847060,10
732847070,9
732847080,9
732847090,9
732847100,9
732847110,9
732847120,9
732847130,9
732847140,9
732847150,9
732847160,9
732847170,9
732847180,9
732847190,9
732847200,9
732847210,9
732847220,9
732847230,9
732847240,9
732847250,9
732847260,9
732847270,9
732847280,9
732847290,9
732847300,9
732847310,9
732847320,9
732847330,9
732847340,9
732847350,9
732847360,9
732847370,9
732847380,9
732847390,8
732847400,8
732847410,8
732847420,8
732847430,8
732847440,7
732847500,7
732847510,8
732847520,8
732847530,8
732847540,9
732847550,9
732847560,8
732847570,8
732847580,8
732847590,8
732847600,8
732847610,8
732847620,8
732847630,8
732847640,7
732847650,7
732847660,7
732847670,7
732847680,7
732847690,7
732847700,7
732847710,7
732847720,7
732847730,7
732847740,7
732847750,7
732847760,7
732847770,7
732847780,7
732847790,7
732847800,7
732847810,7
732847820,7
732847830,7
732847840,7
732847850,7
732847860,7
732847870,7
732847880,8
732847890,8
732847900,8
732847910,8
732847920,8
732847930,8
732847940,8
732847950,8
732847960,8
732847970,8
732847980,8
732847990,8
732848000,9
732848010,9
732848020,9
732848030,9
732848040,8
732848050,9
732848060,9
732848070,9
732848080,9
732848090,9
732848100,9
732848110,9
732848120,9
732848130,9
732848140,9
732848150,9
732848160,9
732848170,9
732848180,9
732848190,9
732848200,9
732848210,9
732848220,9
732848230,9
732848240,9
732848250,9
732848260,9
732848270,9
732848280,9
732848290,9
732848300,9
732848310,9
732848320,9
732848330,9
732848340,9
732848350,9
732848360,9
732848370,9
732848380,9
732848390,9
732848400,11
732848410,10
732848420,10
732848430,8
732848740,6
732848750,7
732848760,7
732848770,7
732848780,7
732848790,7
732848800,7
732848810,7
732848820,7
732848830,8
732848840,7
732848850,7
732848860,7
732848870,7
732848880,7
732848890,7
732849360,7
732849370,7
732849380,7
732849440,7
732849450,7
732849460,7
732849470,7
732849480,7
732849490,7
732849500,7
732849510,6
732849520,6
732849530,6
732849540,6
732849550,6
732849560,6
732849570,8
732849580,8
732849590,8
732849600,8
732849610,8
732849620,8
732849630,8
732849640,7
732849650,7
732849660,7
732849740,7
732849750,7
732849760,8
732849770,8
732849780,8
732849790,9
732849800,9
732849810,9
732849820,9
732849830,9
732849840,9
732849850,9
732849860,9
732849870,9
732849880,9
732849890,9
732849900,9
732849910,9
732849920,9
732849930,9
732849940,9
732849950,9
732849960,9
732849970,9
732849980,10
732849990,10
732850000,10
732850010,10
732850020,10
732850030,10
732850040,10
732850050,10
732850060,10
732850070,10
732850080,9
732850090,9
732850100,9
732850110,9
732850120,10
732850130,10
732850140,10
732850150,9
732850160,9
732850170,9
732850180,8
732850190,8
732850200,8
732850210,8
732850220,8
732850230,8
732850240,8
732850250,8
732850260,8
732850270,8
732850280,8
732850290,8
732850300,7
732850310,8
732850320,8
732850330,8
732850340,8
732850350,8
732850360,8
732850370,9
732850380,9
732850390,9
732850400,9
732850410,9
732850420,9
732850430,9
732850440,9
732850450,9
732850460,9
732850470,9
732850480,9
732850490,9
732850500,9
732850510,9
732850520,9
732850530,9
732850540,9
732850550,8
732850560,8
732850570,8
732850580,8
732850590,8
732850600,8
732850610,8
732850620,8
732850630,8
732850640,8
732850650,8
732850660,8
732850670,8
732850680,8
732850690,7
732850700,8
732850710,8
732850720,8
732850730,8
732850740,8
732850750,8
732850760,8
732850770,9
732850780,9
732850790,9
732850800,9
732850810,8
732850820,8
732850830,8
732850840,8
732850850,8
732850860,8
732850870,8
732850880,7
732850890,8
732850900,8
732850910,8
732850920,7
732850930,7
732850940,7
732850950,7
732850960,7
732850970,7
732850980,7
732851090,7
732851100,7
732851110,8
732851120,8
732851130,8
732851140,8
732851150,8
732851160,8
732851170,8
732851180,8
732851190,8
732851200,8
732851210,8
732851220,8
732851230,9
732851240,9
732851250,9
732851260,9
732851270,9
732851280,9
732851290,9
732851300,9
732851310,9
732851320,9
732851330,9
732851340,9
732851350,8
732851360,9
732851370,9
732851380,9
732851390,9
732851400,8
732851410,8
732851420,8
732851430,8
732851440,8
732851450,8
732851460,8
732851470,8
732851480,8
732851490,8
732851500,8
732851510,8
732851520,8
732851530,9
732851540,9
732851550,9
732851560,7
732851570,7
732851580,7
732851590,7
732851600,8
732851610,8
732851620,7
732851630,6
732851720,8
732851730,8
732851740,7
732851750,7
732851760,7
732851770,7
732851780,6
732851810,5
732851820,5
732851830,5
732851840,5
732851850,8
732851860,9
732851870,9
732851890,8
732851900,8
732851910,8
732851920,8
732851930,8
732851940,7
732852260,9
732852270,9
732852280,9
732852290,9
732852300,9
732852310,10
732852320,11
732852330,11
732852340,11
732852350,10
732852360,9
732852370,9
732852380,9
732852390,9
732852400,9
732852410,9
732852420,9
732852430,8
732852440,8
732852450,8
732852460,8
732852470,8
732852480,8
732852490,9
732852500,8
732852510,8
732852520,8
732852530,8
732852540,8
732852550,8
732852620,8
732852630,8
732852640,8
732852650,9
732852660,9
732852670,9
732852680,10
732852690,10
732852700,10
732852710,11
732852720,11
732852730,11
732852740,11
732852750,11
732852760,11
732852770,11
732852780,11
732852790,11
732852800,11
732852810,11
732852820,11
732852830,11
732852840,11
732852850,11
732852860,11
732852870,11
732852880,11
732852890,10
732852900,10
732852910,10
732852920,10
732852930,10
732852940,10
732852950,10
732852960,10
732852970,10
732852980,10
732852990,10
732853000,10
732853010,10
732853020,10
732853030,10
732853040,10
732853050,10
732853060,9
732853070,9
732853080,9
732853090,9
732853100,9
732853110,9
732853120,10
732853130,10
732853140,10
732853150,10
732853160,10
732853170,10
732853180,10
732853190,10
732853200,10
732853210,10
732853220,10
732853230,10
732853240,10
732853250,9
732853260,9
732853270,9
732853280,9
732853290,10
732853300,10
732853310,10
732853320,10
732853330,10
732853340,9
732853350,9
732853360,9
732853370,9
732853380,9
732853390,9
732853400,9
732853410,9
732853420,9
732853430,9
732853440,9
732853450,9
732853460,9
732853470,9
732853480,10
732853490,10
732853500,10
732853510,10
732853520,10
732853530,10
732853540,10
732853550,9
732853560,9
732853570,9
732853580,9
732853590,9
732853600,9
732853610,10
732853620,10
732853630,10
732853640,9
732853650,8
732853660,8
732853670,8
732853680,8
732853690,9
732853700,9
732853710,9
732853720,9
732853730,9
732853740,9
732853750,9
732853760,8
732853770,9
732853780,9
732853790,9
732853800,9
732853810,9
732853820,9
732853830,9
732853840,9
732853850,9
732853860,9
732853870,9
732853880,9
732853890,9
732853900,10
732853910,10
732853920,9
732853930,9
732853940,9
732853950,9
732853960,9
732853970,9
732853980,9
732853990,9
732854000,9
732854010,9
732854020,9
732854030,9
732854040,9
732854050,9
732854060,8
732854070,7
732854080,7
732854090,7
732854100,6
732854390,5
732854400,6
732854410,7
732854420,6
732854710,5
732854790,8
732854800,9
732854810,9
732854820,9
732854830,10
732854840,10
732854850,10
732854860,9
732854870,9
732854880,8
732854890,8
732854900,8
732854910,8
732854920,8
732854930,8
732854940,8
732854950,7
732854960,7
732854970,7
732854980,7
732854990,7
732855000,7
732855010,6
732855020,6
732855030,7
732855040,7
732855050,8
732855060,7
732855070,7
732855080,7
732855090,8
732855100,8
732855110,9
732855120,9
732855130,9
732855140,9
732855150,9
732855160,9
732855170,9
732855180,10
732855190,10
732855200,11
732855210,10
732855220,10
732855230,10
732855240,10
732855250,10
732855260,10
732855270,10
732855280,10
732855290,10
732855300,10
732855310,10
732855320,10
732855330,10
732855340,10
732855350,10
732855360,10
732855370,10
732855380,10
732855390,10
732855400,10
732855410,10
732855420,10
732855430,10
732855440,10
732855450,10
732855460,10
732855470,10
732855480,10
732855490,10
732855500,10
732855510,10
732855520,10
732855530,10
732855540,10
732855550,10
732855670,8
732855680,8
732855690,8
732855700,8
732855710,8
732855720,8
732855730,8
732855740,8
732855750,9
732855760,9
732855770,9
732855780,9
732855790,9
732855800,9
732855810,9
732855820,9
732855830,9
732855840,9
732855850,9
732855860,9
732855870,8
732855880,8
732855890,8
732855900,8
732855910,8
732855920,8
732855930,8
732855940,8
732855950,9
732855960,9
732855970,9
732855980,9
732855990,9
732856000,9
732856010,8
732856020,8
732856030,8
732856040,8
732856050,7
732856060,8
732856070,8
732856080,8
732856090,7
732856100,7
732856110,7
732856120,7
732856130,8
732856140,8
732856150,8
732856160,8
732856170,8
732856180,8
732856190,9
732856200,9
732856210,9
732856220,9
732856230,9
732856240,9
732856250,9
732856260,9
732856270,9
732856280,8
732856290,8
732856300,8
732856310,8
732856320,8
732856330,8
732856340,8
732856350,8
732856360,9
732856370,9
732856380,9
732856390,9
732856400,9
732856410,8
732856420,8
732856430,9
732856440,9
732856450,9
732856460,9
732856470,9
732856480,9
732856490,9
732856500,9
732856510,9
732856520,9
732856530,9
732856540,9
732856550,9
732856560,8
732856570,8
732856580,8
732856590,8
732856600,8
732856610,8
732856620,8
732856630,8
732856640,8
732856650,8
732856660,9
732856670,9
732856680,9
732856690,9
732856700,9
732856710,9
732856720,8
732856730,7
732856740,7
732856750,7
732856760,7
732856770,7
732856780,7
732856790,7
732856800,7
732856810,7
732856820,6
732856830,6
732856840,7
732856850,7
732856860,7
732856870,7
732856880,8
732856890,8
732856900,8
732856910,8
732856920,8
732857100,7
732857110,7
732857120,7
732857130,7
732857140,7
732857150,7
732857160,7
732857170,6
732857180,5
732857190,5
732857200,5
732857280,6
732857290,6
732857360,5
732857370,5
732857430,7
732857440,8
732857450,8
732857460,8
732857470,7
732857480,7
732857490,7
732857500,7
732857510,7
732857520,7
732857530,7
732857540,7
732857550,8
732857560,8
732857570,8
732857580,7
732857590,7
732857600,7
732857610,8
732857620,9
732857640,7
732858180,9
732858190,9
732858200,9
732858210,10
732858220,10
732858230,10
732858240,10
732858250,10
732858260,10
732858270,10
732858280,10
732858290,9
732858300,10
732858310,10
732858320,10
732858330,10
732858340,10
732858350,10
732858360,9
732858370,9
732858380,9
732858390,9
732858400,9
732858410,9
732858420,10
732858430,10
732858440,10
732858450,10
732858460,10
732858470,10
732858480,10
732858490,10
732858500,10
732858510,10
732858520,10
732858530,11
732858540,11
732858550,11
732858560,11
732858570,11
732858580,11
732858590,11
732858600,11
732858610,11
732858620,11
732858630,11
732858640,11
732858650,11
732858660,11
732858670,11
732858680,11
732858690,11
732858700,11
732858710,11
732858720,11
732858730,10
732858740,9
732858750,9
732858760,9
732858770,9
732858780,9
732858790,9
732858800,10
732858810,10
732858820,10
732858830,10
732858840,10
732858850,10
732858860,10
732858870,10
732858880,10
732858890,10
732858900,10
732858910,10
732858920,9
732858930,9
732858940,9
732858950,9
732858960,9
732858970,9
732858980,9
732858990,9
732859000,9
732859010,9
732859020,9
732859030,9
732859040,10
732859050,10
732859060,10
732859070,10
732859080,10
732859090,10
732859100,10
732859110,10
732859120,10
732859130,10
732859140,10
732859150,9
732859160,9
732859170,9
732859180,9
732859190,10
732859200,10
732859210,10
732859220,10
732859230,10
732859240,10
732859250,10
732859260,10
732859270,9
732859280,9
732859290,9
732859300,9
732859310,9
732859320,9
732859330,9
732859340,9
732859350,9
732859360,9
732859370,9
732859380,9
732859390,9
732859400,9
732859410,10
732859420,10
732859430,10
732859440,10
732859450,10
732859460,10
732859470,10
732859480,10
732859490,10
732859500,10
732859510,9
732859520,9
732859530,8
732859540,7
732859550,7
732859560,7
732859570,7
732859580,7
732859590,7
732859600,7
732859610,7
732859620,7
732859630,7
732859640,7
732859650,7
732859660,7
732859670,7
732859680,7
732859690,7
732859700,7
732859710,7
732859720,7
732859730,7
732859740,7
732859750,7
732859760,6
732859900,7
732859910,5
732859990,6
732860000,6
732860010,7
732860020,8
732860030,8
732860040,9
732860050,10
732860060,10
732860070,10
732860080,10
732860090,10
732860100,10
732860110,10
732860120,11
732860130,11
732860140,11
732860150,11
732860160,11
732860170,11
732860180,11
732860190,11
732860200,11
732860210,11
732860220,11
732860230,11
732860240,11
732860250,11
732860260,11
732860270,11
732860280,11
732860290,11
732860300,11
732860310,11
732860320,11
732860330,10
732860340,10
732860350,10
732860360,10
732860370,10
732860380,10
732860390,10
732860400,10
732860410,10
732860420,10
732860430,10
732860440,10
732860450,10
732860460,10
732860470,10
732860480,10
732860490,10
732860500,10
732860510,8
732860520,8
732860530,8
732860540,8
732860550,9
732860560,8
732860570,10
732860580,10
732860590,8
732860600,8
732860610,7
732860760,9
732860770,9
732860780,9
732860790,9
732860800,9
732860810,9
732860820,9
732860830,10
732860840,10
732860850,11
732860860,11
732860870,11
732860880,11
732860890,11
732860900,11
732860910,11
732860920,11
732860930,11
732860940,11
732860950,11
732860960,11
732860970,10
732860980,9
732860990,9
732861000,9
732861010,9
732861020,9
732861030,9
732861040,9
732861050,9
732861060,9
732861070,9
732861080,9
732861090,9
732861100,8
732861110,7
732861120,7
732861130,7
732861140,7
732861150,8
732861160,8
732861170,8
732861180,9
732861190,9
732861200,9
732861210,9
732861220,9
732861230,9
732861240,9
732861250,9
732861260,9
732861270,9
732861280,9
732861290,9
732861300,9
732861310,9
732861320,9
732861330,9
732861340,9
732861350,9
732861360,9
732861370,9
732861380,9
732861390,9
732861400,8
732861410,8
732861420,8
732861430,8
732861440,8
732861450,8
732861460,9
732861470,9
732861480,8
732861490,8
732861500,8
732861510,9
732861520,9
732861530,9
732861540,9
732861550,9
732861560,9
732861570,9
732861580,9
732861590,9
732861600,10
732861610,10
732861620,10
732861630,10
732861640,9
732861650,9
732861660,9
732861670,9
732861680,8
732861690,8
732861700,8
732861710,8
732861720,8
732861730,8
732861740,8
732861750,8
732861760,8
732861770,8
732861780,8
732861870,8
732861880,8
732861890,8
732861900,8
732861910,8
732861920,8
732861930,8
732861940,8
732861950,8
732861960,8
732861970,8
732861980,8
732861990,8
732862000,8
732862010,8
732862020,8
732862030,8
732862040,8
732862050,8
732862060,8
732862070,8
732862080,8
732862090,8
732862100,8
732862110,8
732862170,8
732862180,8
732862190,8
732862200,8
732862210,8
732862220,8
732862230,8
732862240,7
732862250,7
732862260,7
732862270,7
732862280,7
732862290,7
732862300,7
732862310,7
732862320,7
732862330,7
732862340,7
732862350,7
732862360,7
732862370,7
732862380,7
732862390,7
732862400,7
732862410,9
732862420,9
732862430,8
732862440,8
732862450,8
732862460,8
732862470,8
732862480,8
732862490,8
732862500,8
732862510,9
732862520,9
732862530,9
732862540,9
732862550,9
732862560,9
732862570,9
732862580,9
732862590,9
732862600,9
732862610,9
732862620,9
732862630,9
732862640,9
732862650,9
732862660,9
732862670,9
732862680,9
732862690,8
732862700,8
732862710,8
732862720,8
732862730,8
732862740,8
732862750,8
732862760,8
732862770,8
732862780,8
732862790,8
732862800,8
732862810,7
732862880,5
732862890,9
732862900,9
732862910,9
732862920,9
732862930,9
732862940,8
732862950,8
732862960,8
732862970,8
732862980,9
732862990,8
732863000,7
732863010,7
732863020,7
732863030,7
732863040,9
732863050,9
732863060,10
732863070,10
732863080,10
732863090,10
732863100,9
732863110,9
732863120,9
732863190,10
732863200,10
732863210,10
732863220,10
732863230,10
732863240,10
732863250,10
732863260,10
732863270,10
732863280,10
732863290,10
732863300,10
732863310,10
732863320,10
732863330,10
732863340,10
732863350,10
732863360,10
732863370,10
732863380,10
732863390,10
732863400,10
732863410,10
732863420,10
732863430,10
732863440,10
732863450,10
732863460,10
732863550,9
732863560,9
732863660,9
732863670,9
732863680,9
732863690,10
732863700,10
732863710,9
732863720,9
732863730,9
732863740,7
732863750,7
732863760,7
732863770,6
732863780,6
732863790,7
732863800,8
732863810,9
732863820,7
732863830,7
732863840,7
732863850,7
732863860,8
732863870,10
732863880,10
732863890,10
732863900,10
732863910,10
732863920,10
732863930,10
732863940,10
732863950,10
732863960,9
732863970,9
732863980,9
732863990,9
732864000,9
732864010,9
732864020,9
732864030,9
732864040,9
732864050,9
732864060,9
732864070,9
732864080,9
732864090,9
732864100,9
732864110,9
732864120,9
732864130,9
732864140,9
732864150,9
732864160,9
732864170,9
732864180,9
732864190,9
732864200,9
732864210,9
732864220,9
732864230,8
732864240,8
732864250,8
732864260,8
732864270,9
732864280,9
732864290,9
732864300,8
732864310,8
732864320,8
732864330,8
732864340,8
732864350,8
732864360,9
732864370,9
732864380,9
732864390,9
732864400,9
732864410,9
732864420,9
732864430,9
732864440,9
732864450,9
732864460,9
732864470,9
732864480,9
732864490,9
732864500,9
732864510,9
732864520,9
732864530,9
732864540,9
732864550,9
732864560,9
732864570,9
732864580,9
732864590,9
732864600,9
732864610,9
732864620,9
732864630,9
732864640,9
732864650,9
732864660,8
732864670,8
732864680,8
732864690,8
732864700,8
732864710,8
732864720,8
732864730,8
732864740,8
732864750,7
732864760,7
732864770,7
732864780,7
732864790,7
732864800,7
732864810,8
732864820,8
732864830,8
732864840,8
732864850,8
732864860,8
732864870,8
732864880,8
732864890,7
732864900,8
732864910,8
732864920,8
732864930,8
732864940,8
732864950,8
732864960,9
732864970,9
732864980,8
732864990,8
732865000,9
732865010,9
732865020,9
732865030,9
732865040,9
732865050,9
732865060,9
732865070,9
732865080,9
732865090,9
732865100,9
732865110,9
732865120,9
732865130,9
732865140,9
732865150,9
732865160,9
732865170,9
732865180,9
732865190,9
732865200,9
732865210,9
732865220,8
732865230,8
732865240,8
732865250,8
732865260,8
732865270,9
732865280,10
732865290,10
732865300,10
732865310,10
732865320,10
732865330,10
732865340,10
732865350,10
732865360,10
732865370,10
732865380,10
732865390,10
732865400,10
732865410,9
732865420,8
732865430,8
732865440,8
732865450,8
732865460,8
732865470,8
732865480,8
732865490,8
732865530,7
732865540,7
732865550,7
732865560,7
732865570,7
732865580,7
732865590,7
732865600,7
732865610,8
732865620,9
732865630,9
732865640,8
732865650,8
732865660,9
732865670,9
732865680,9
732865690,9
732865700,9
732865710,9
732865720,8
732865730,8
732865740,8
732865750,8
732865760,8
732865770,8
732865780,8
732865790,8
732865800,9
732865810,9
732865820,9
732865830,9
732865840,10
732865850,10
732865860,10
732865870,10
732865880,10
732865890,10
732865900,10
732865910,11
732865920,11
732865930,11
732865940,11
732865950,11
732865960,11
732865970,11
732865980,11
732865990,11
732866000,11
732866010,11
732866020,11
732866030,11
732866040,11
732866050,11
732866060,11
732866070,11
732866080,11
732866090,11
732866100,11
732866110,11
732866120,11
732866130,11
732866140,11
732866150,10
732866160,9
732866170,9
732866180,9
732866190,9
732866210,9
732866220,10
732866230,8
732866240,8
732866250,8
732866260,8
732866270,8
732866290,9
732866480,10
732866490,11
732866500,11
732866510,11
732866520,10
732866700,8
732866710,8
732866720,9
732866730,9
732866740,8
732866750,8
732866760,7
732866770,7
732866780,7
732866790,8
732866800,8
732866810,8
732866820,8
732866830,8
732866840,8
732866850,8
732866860,8
732866870,8
732866880,8
732866890,8
732866900,8
732866910,8
732866920,8
732866930,8
732866940,8
732866950,8
732866960,8
732866970,8
732866980,8
732866990,8
732867000,8
732867010,8
732867020,8
732867030,9
732867040,9
732867050,9
732867060,9
732867070,9
732867080,10
732867090,10
732867100,10
732867110,10
732867120,10
732867130,10
732867140,10
732867150,10
732867160,10
732867170,10
732867180,10
732867190,10
732867200,10
732867210,9
732867220,9
732867230,9
732867240,9
732867250,9
732867260,9
732867270,9
732867280,9
732867290,9
732867300,9
732867310,9
732867320,9
732867330,9
732867340,8
732867350,8
732867360,8
732867370,8
732867380,7
732867390,7
732867420,7
732867430,7
732867440,7
732867450,7
732867460,8
732867470,8
732867480,8
732867490,9
732867500,9
732867510,9
732867520,9
732867530,9
732867540,9
732867550,9
732867560,8
732867570,8
732867580,7
732867590,7
732867600,7
732867610,7
732867620,7
732867630,8
732867640,8
732867650,7
732867660,7
732867670,7
732867680,7
732867690,7
732867700,7
732867710,7
732867720,7
732867730,8
732867740,8
732867750,8
732867760,8
732867770,8
732867780,8
732867790,9
732867800,9
732867810,9
732867820,9
732867830,9
732867840,10
732867850,10
732867860,10
732867870,10
732867880,10
732867890,9
732867900,9
732867910,8
732867920,8
732867930,8
732867940,8
732867950,8
732867960,7
732867970,7
732867980,7
732868020,6
732868030,6
732868040,6
732868050,7
732868060,8
732868070,8
732868080,8
732868090,8
732868100,8
732868110,8
732868120,8
732868130,8
732868140,8
732868150,8
732868160,9
732868170,9
732868180,9
732868190,9
732868200,9
732868210,9
732868220,8
732868230,8
732868240,8
732868250,8
732868260,8
732868270,8
732868280,8
732868290,8
732868300,8
732868310,8
732868320,8
732868330,8
732868340,8
732868350,8
732868360,8
732868370,8
732868380,8
732868390,8
732868400,8
732868410,7
732868420,7
732868430,7
732868440,7
732868450,7
732868460,7
732868470,7
732868480,7
732868490,7
732868500,7
732868510,6
732868520,6
732868530,7
732868540,7
732868550,7
732868560,7
732868570,7
732868580,7
732868590,7
732868600,8
732868610,9
732868620,9
732868630,8
732868640,8
732868650,8
732868660,8
732868670,8
732868680,8
732868690,9
732868700,9
732868710,8
732868720,8
732868730,8
732868740,8
732868750,8
732868760,9
732868770,10
732868780,10
732868790,10
732868800,10
732868810,10
732868820,10
732868830,10
732868840,9
732868850,8
732868860,8
732868870,8
732868880,8
732868890,8
732868900,10
732868910,10
732868920,9
732868930,9
732868940,9
732868950,9
732868960,9
732868970,9
732868980,9
732868990,9
732869000,9
732869010,8
732869020,7
732869030,7
732869040,7
732869050,8
732869060,8
732869070,8
732869080,8
732869090,8
732869100,8
732869110,8
732869120,8
732869130,8
732869140,8
732869150,8
732869160,9
732869170,9
732869180,10
732869190,10
732869200,10
732869210,10
732869220,10
732869230,10
732869240,10
732869250,10
732869260,10
732869270,10
732869280,10
732869290,10
732869300,10
732869310,10
732869320,10
732869330,10
732869340,10
732869350,11
732869360,10
732869370,10
732869380,10
732869390,10
732869400,10
732869410,10
732869420,10
732869430,10
732869440,10
732869450,10
732869460,9
732869470,9
732869480,9
732869490,8
732869500,7
732869510,6
732869520,7
732869530,7
732869540,7
732869550,7
732869560,8
732869570,8
732869580,8
732869590,8
732869600,8
732869610,7
732869620,7
732869630,7
732869640,7
732869650,7
732869660,7
732869670,7
732869680,7
732869690,7
732869700,7
732869710,7
732869720,7
732869730,7
732869740,8
732869750,8
732869760,8
732869770,8
732869780,8
732869790,8
732869800,8
732869810,8
732869820,8
732869830,8
732869840,8
732869850,8
732869860,8
732869870,8
732869880,8
732869890,8
732869900,8
732869910,8
732869920,8
732869930,8
732869940,8
732869950,8
732869960,8
732869970,8
732869980,8
732869990,8
732870000,8
732870010,8
732870020,8
732870030,8
732870040,9
732870050,9
732870060,9
732870070,8
732870080,8
732870090,8
732870100,8
732870110,8
732870120,8
732870130,8
732870140,8
732870150,9
732870160,9
732870170,9
732870180,9
732870190,9
732870200,8
732870210,8
732870220,7
732870230,7
732870240,7
732870250,7
732870260,7
732870270,7
732870280,7
732870290,7
732870300,7
732870310,7
732870320,7
732870330,7
732870340,7
732870350,7
732870360,7
732870370,9
732870380,9
732870390,9
732870400,9
732870410,9
732870420,9
732870430,9
732870440,9
732870450,9
732870460,10
732870470,10
732870480,10
732870490,10
732870500,10
732870510,10
732870520,10
732870530,11
732870540,11
732870550,11
732870560,11
732870570,11
732870580,11
732870590,11
732870600,11
732870610,11
732870620,11
732870630,11
732870640,11
732870650,11
732870660,11
732870670,11
732870680,11
732870690,11
732870700,11
732870710,10
732870720,10
732870730,10
732870740,9
732870750,9
732870760,9
732870770,8
732870780,8
732870790,8
732870800,8
732870810,8
732870820,8
732870830,8
732870840,8
732870850,8
732870860,8
732870870,8
732870880,9
732870890,9
732870900,9
732870910,9
732870920,8
732870930,8
732870940,8
732870950,8
732870960,8
732870970,8
732870980,8
732870990,8
732871000,8
732871010,9
732871020,9
732871030,9
732871040,9
732871050,9
732871060,9
732871070,9
732871080,9
732871090,9
732871100,9
732871110,9
732871120,9
732871130,8
732871140,8
732871150,7
732871160,7
732871170,7
732871180,7
732871190,9
732871200,9
732871210,10
732871220,10
732871230,10
732871240,10
732871250,9
732871260,9
732871270,10
732871280,10
732871290,10
732871300,10
732871310,11
732871320,11
732871330,11
732871340,11
732871350,10
732871360,10
732871370,10
732871380,10
732871390,9
732871400,8
732871410,8
732871420,8
732871430,8
732871440,8
732871450,7
732871530,7
732871540,11
732871550,11
732871560,11
732871570,10
732871580,10
732871590,10
732871600,10
732871610,9
732871620,10
732871630,10
732871640,10
732871650,9
732871660,9
732871670,9
732871680,9
732871690,9
732871700,7
732871710,8
732871720,6
732871730,5
732871740,5
732872080,6
732872330,11
732872340,11
732872350,11
732872360,11
732872370,11
732872380,10
732872390,9
732872400,9
732872410,9
732872420,9
732872430,9
732872440,9
732872450,9
732872460,9
732872470,9
732872480,8
732872490,8
732872500,8
732872510,8
732872520,8
732872530,8
732872540,9
732872550,9
732872560,9
732872570,9
732872580,9
732872590,10
732872600,10
732872610,10
732872620,10
732872630,10
732872640,10
732872650,10
732872660,10
732872670,10
732872680,10
732872690,10
732872700,10
732872710,10
732872720,10
732872730,10
732872740,10
732872750,10
732872760,10
732872770,11
732872780,11
732872790,11
732872800,11
732872810,11
732872820,10
732872830,10
732872840,10
732872850,10
732872860,10
732872870,10
732872880,10
732872890,10
732872900,10
732872910,10
732872920,10
732872930,8
732872940,8
732872950,8
732872960,8
732872970,8
732872980,8
732872990,8
732873000,8
732873010,8
732873020,8
732873030,8
732873040,8
732873050,8
732873060,8
732873070,8
732873080,8
732873090,9
732873100,9
732873110,9
732873120,9
732873130,7
732873140,7
732873150,7
732873160,7
732873170,8
732873180,8
732873190,8
732873200,8
732873210,9
732873220,10
732873230,10
732873240,10
732873250,10
732873260,10
732873270,10
732873280,10
732873290,10
732873300,10
732873310,10
732873320,9
732873330,9
732873340,8
732873350,8
732873360,8
732873370,8
732873380,8
732873390,9
732873400,9
732873410,9
732873420,9
732873430,9
732873440,8
732873450,8
732873460,8
732873470,8
732873480,8
732873490,8
732873500,8
732873510,8
732873520,8
732873530,8
732873540,8
732873550,8
732873560,8
732873570,8
732873580,9
732873590,9
732873600,9
732873610,9
732873620,9
732873630,9
732873640,9
732873650,9
732873660,9
732873670,9
732873680,9
732873690,9
732873700,9
732873710,10
732873720,10
732873730,9
732873740,9
732873750,9
732873760,9
732873770,9
732873780,8
732873790,8
732873800,8
732873810,9
732873820,9
732873830,9
732873840,9
732873850,9
732873860,10
732873870,10
732873880,10
732873890,10
732873900,10
732873910,10
732873920,11
732873930,10
732873940,9
732873950,9
732873960,9
732873970,9
732873980,9
732873990,10
732874000,10
732874010,10
732874020,10
732874030,10
732874040,9
732874050,9
732874060,9
732874070,8
732874080,8
732874090,8
732874100,8
732874110,8
732874120,7
732874130,8
732874140,8
732874150,8
732874160,6
732874170,5
732874180,5
732874190,5
732874200,5
732874210,5
732874230,6
732874240,6
732874250,5
732874260,5
732874270,5
732874280,6
732874320,6
732874330,6
732874340,6
732874350,7
732874360,7
732874370,7
732874380,7
732874390,7
732874400,6
732874410,6
732874420,6
732874430,6
732874440,6
732874450,6
732874460,5
732874470,5
732874480,6
732874490,6
732874500,6
732874510,6
732874520,7
732874530,6
732874540,6
732874550,7
732874580,5
732874590,5
732874600,5
732874660,7
732874670,7
732874680,6
732874740,8
732874750,8
732874760,8
732874770,8
732874780,7
732874790,7
732874800,7
732874810,7
732874820,7
732874830,7
732874840,8
732874850,8
732874860,8
732874870,8
732874880,8
732874890,8
732874900,8
732874910,8
732874920,7
732874930,7
732874940,7
732874950,7
732874960,7
732874970,8
732874980,8
732874990,8
732875000,8
732875010,9
732875020,9
732875030,9
732875040,9
732875050,8
732875060,8
732875070,8
732875080,8
732875090,9
732875100,9
732875110,9
732875120,10
732875130,10
732875140,10
732875150,8
732875160,7
732875170,6
732875180,6
732875190,6
732875200,6
732875210,7
732875220,7
732875230,7
732875240,7
732875250,7
732875260,7
732875270,7
732875280,7
732875290,7
732875300,7
732875310,7
732875320,7
732875330,7
732875340,7
732875350,7
732875360,7
732875370,7
732875380,7
732875390,7
732875400,7
732875410,6
732875420,6
732875430,6
732875440,6
732875450,5
732875460,5
732875470,5
732875480,5
732875490,5
732875500,5
732875510,5
732875520,6
732875530,6
732875540,7
732875550,7
732875560,7
732875570,7
732875580,8
732875590,8
732875600,8
732875610,8
732875620,8
732875630,8
732875640,8
732875650,8
732875660,8
732875670,8
732875680,8
732875690,8
732875700,8
732875710,9
732875720,10
732875730,10
732875740,10
732875750,10
732875760,10
732875770,10
732875780,10
732875790,10
732875800,10
732875810,10
732875820,10
732875830,10
732875840,10
732875850,10
732875860,10
732875870,10
732875880,10
732875890,10
732875900,10
732875910,10
732875920,10
732875930,10
732875940,10
732875950,11
732875960,11
732875970,11
732875980,11
732875990,11
732876000,11
732876010,11
732876020,11
732876030,11
732876040,11
732876050,11
732876060,11
732876070,11
732876080,11
732876090,11
732876100,10
732876110,10
732876120,10
732876130,10
732876140,10
732876150,10
732876160,10
732876170,10
732876180,10
732876190,10
732876200,10
732876210,10
732876220,11
732876230,10
732876240,10
732876250,10
732876260,10
732876270,10
732876280,10
732876290,10
732876300,10
732876310,10
732876320,10
732876330,10
732876340,10
732876350,10
732876360,10
732876370,10
732876380,10
732876390,10
732876400,9
732876410,9
732876420,9
732876430,9
732876440,9
732876450,9
732876460,9
732876470,9
732876480,9
732876490,9
732876500,9
732876510,10
732876520,10
732876530,10
732876540,10
732876550,11
732876560,11
732876570,11
732876580,11
732876590,11
732876600,11
732876610,11
732876620,11
732876630,11
732876640,10
732876650,8
732876660,8
732876670,8
732876680,8
732876690,8
732876700,8
732876710,8
732876720,8
732876730,8
732876740,8
732876750,8
732876760,8
732876770,8
732876780,8
732876790,8
732876800,8
732876810,9
732876820,9
732876830,9
732876840,9
732876850,9
732876860,9
732876870,9
732876880,9
732876890,9
732876900,9
732876910,9
732876920,9
732876930,9
732876940,9
732876950,9
732876960,8
732876970,7
732876980,7
732876990,7
732877000,7
732877010,7
732877020,7
732877030,6
732877040,6
732877050,6
732877060,6
732877070,6
732877140,6
732877150,5
732877160,5
732877170,5
732877180,5
732877220,7
732877230,7
732877240,7
732877340,4
732877350,6
732877360,8
732877370,8
732877380,8
732877390,8
732877400,8
732877410,7
732877420,8
732877430,7
732877440,7
732877450,6
732877460,6
732877470,7
732877480,7
732877490,8
732877500,8
732877510,10
732877520,9
732877530,9
732877540,9
732877550,9
732877560,9
732877570,9
732877580,8
732877590,8
732877600,7
732877610,7
732877620,7
732877630,7
732877640,8
732877650,8
732877660,8
732877670,8
732877680,8
732877690,8
732877700,7
732877710,8
732877720,8
732877910,5
732877920,6
732877930,8
732877940,8
732877950,10
732877960,9
732877970,9
732877980,9
732877990,9
732878000,8
732878010,8
732878020,8
732878030,9
732878040,9
732878050,9
732878060,9
732878070,9
732878080,9
732878090,9
732878100,9
732878110,9
732878120,9
732878130,9
732878140,10
732878150,10
732878160,10
732878170,10
732878180,10
732878190,10
732878200,10
732878210,10
732878220,10
732878230,10
732878240,10
732878250,10
732878260,10
732878270,10
732878280,10
732878290,10
732878300,10
732878310,9
732878320,9
732878330,9
732878340,9
732878350,9
732878360,9
732878370,9
732878380,9
732878390,9
732878400,9
732878410,9
732878420,9
732878430,9
732878440,9
732878450,9
732878460,9
732878470,9
732878480,9
732878490,10
732878500,10
732878510,10
732878520,10
732878530,10
732878540,10
732878550,10
732878560,10
732878570,10
732878580,10
732878590,10
732878600,10
732878610,10
732878620,10
732878630,9
732878720,9
732878730,9
732878740,9
732878750,9
732878760,9
732878790,9
732878800,9
732878810,9
732878820,9
732878830,9
732878840,9
732878850,9
732878860,9
732878870,9
732878880,9
732878890,9
732878900,9
732878910,9
732878920,9
732878930,9
732878940,9
732878950,9
732878960,9
732878970,8
732878980,8
732878990,7
732879000,7
732879010,7
732879020,7
732879030,8
732879040,8
732879050,9
732879060,9
732879070,9
732879080,8
732879090,7
732879100,7
732879110,7
732879120,7
732879130,7
732879140,7
732879150,7
732879160,9
732879170,9
732879180,9
732879190,8
732879200,8
732879210,8
732879220,8
732879230,8
732879240,8
732879250,8
732879260,8
732879270,9
732879280,9
732879290,9
732879300,8
732879310,8
732879320,8
732879330,8
732879340,8
732879350,8
732879360,7
732879370,7
732879380,7
732879390,7
732879400,7
732879410,7
732879420,7
732879480,6
732879490,6
732879500,6
732879510,7
732879520,7
732879530,7
732879540,7
732879550,7
732879560,7
732879570,7
732879580,7
732879590,7
732879600,7
732879610,7
732879620,7
732879630,7
732879640,7
732879650,7
732879660,7
732879670,7
732879680,7
732879690,7
732879700,7
732879710,7
732879720,7
732879730,7
732879740,8
732879750,8
732879760,8
732879770,8
732879780,8
732879790,8
732879800,8
732879810,8
732879820,8
732879830,9
732879840,9
732879850,9
732879860,9
732879870,9
732879880,9
732879890,9
732879900,9
732879910,9
732879920,9
732879930,9
732879940,8
732879950,8
732879960,6
732880000,6
732880010,6
732880020,7
732880030,7
732880040,7
732880050,7
732880060,8
732880070,8
732880080,7
732880090,7
732880100,7
732880110,6
732880120,6
732880130,7
732880140,7
732880150,7
732880160,7
732880170,7
732880180,7
732880190,7
732880200,7
732880210,7
732880220,7
732880270,6
732880280,5
732880290,5
732880370,10
732880380,10
732880390,8
732880400,8
732880450,9
732880460,9
732880470,10
732880480,10
732880490,10
732880500,10
732880510,10
732880520,10
732880530,10
732880540,10
732880550,10
732880560,10
732880570,10
732880580,10
732880590,10
732880600,8
732880610,7
732880620,6
732880630,6
732880640,6
732880650,6
732880660,8
732880670,9
732880680,10
732880690,10
732880700,11
732880710,11
732880720,10
732880730,10
732880740,10
732880750,10
732880760,10
732880770,10
732880780,11
732880790,11
732880800,11
732880810,11
732880820,11
732880830,11
732880840,11
732880850,9
732880860,9
732880870,9
732880880,9
732880890,9
732880900,11
732880910,9
732880920,9
732880930,9
732880940,9
732880950,9
732880960,9
732880970,9
732880980,9
732880990,9
732881000,9
732881010,9
732881020,9
732881030,9
732881040,9
732881050,9
732881060,9
732881070,9
732881080,8
732881090,8
732881100,8
732881110,8
732881120,8
732881130,8
732881140,8
732881150,9
732881160,9
732881170,9
732881180,9
732881190,9
732881200,9
732881210,9
732881220,9
732881230,9
732881240,9
732881250,9
732881260,9
732881270,9
732881280,9
732881290,9
732881300,9
732881310,9
732881320,9
732881330,9
732881340,8
732881350,8
732881360,8
732881370,8
732881380,8
732881390,8
732881400,8
732881410,8
732881420,8
732881430,8
732881440,8
732881450,8
732881460,8
732881470,8
732881480,8
732881490,8
732881500,8
732881510,9
732881520,9
732881530,9
732881540,9
732881550,8
732881560,8
732881570,8
732881580,8
732881590,9
732881600,8
732881610,8
732881620,8
732881630,7
732881640,7
732881650,7
732881660,7
732881670,7
732881680,7
732881690,7
732881700,7
732881710,7
732881720,7
732881730,7
732881740,7
732881750,7
732881760,7
732881770,8
732881780,8
732881790,8
732881800,8
732881810,8
732881820,9
732881830,9
732881840,7
732881850,7
732881860,7
732881870,7
732881880,7
732881890,7
732881900,7
732881910,9
732881920,9
732881930,9
732881940,9
732881950,9
732881960,9
732881970,9
732881980,8
732881990,8
732882000,9
732882010,9
732882020,9
732882030,9
732882040,8
732882050,8
732882060,8
732882070,8
732882080,8
732882090,9
732882100,9
732882110,9
732882120,9
732882130,9
732882140,9
732882150,10
732882160,10
732882170,10
732882180,10
732882190,10
732882200,10
732882210,10
732882220,10
732882230,10
732882240,10
732882250,10
732882260,10
732882270,9
732882280,9
732882290,9
732882300,9
732882310,10
732882320,10
732882330,10
732882340,10
732882350,9
732882360,9
732882370,9
732882380,9
732882390,8
732882400,8
732882410,8
732882420,8
732882430,8
732882440,8
732882450,8
732882460,9
732882470,9
732882480,9
732882490,9
732882500,9
732882510,9
732882520,9
732882530,9
732882540,9
732882550,9
732882560,9
732882570,9
732882580,9
732882590,9
732882600,9
732882610,9
732882620,8
732882630,8
732882640,8
732882650,8
732882660,8
732882670,8
732882680,8
732882690,8
732882700,8
732882710,8
732882720,6
732882730,6
732882740,6
732882750,6
732882860,5
732882870,6
732882880,7
732882890,7
732882900,7
732882910,7
732882920,8
732882930,9
732882940,9
732882950,9
732882960,9
732882990,9
732883000,9
732883010,9
732883020,10
732883030,10
732883040,9
732883050,9
732883200,9
732883210,9
732883220,9
732883230,9
732883240,9
732883250,10
732883260,10
732883270,10
732883280,10
732883290,10
732883300,10
732883310,10
732883320,9
732883330,9
732883340,9
732883350,9
732883360,9
732883370,9
732883380,9
732883390,9
732883400,9
732883480,9
732883490,8
732883500,8
732883510,7
732883520,7
732883710,6
732883720,7
732883730,6
732883740,6
732883750,7
732883760,6
732883830,7
732883840,7
732883850,7
732883860,7
732883870,7
732883880,8
732883890,8
732883900,8
732883910,8
732883920,9
732883930,9
732883940,9
732883950,9
732883960,9
732883970,9
732883980,9
732883990,9
732884000,9
732884010,9
732884020,9
732884030,9
732884040,9
732884050,9
732884060,9
732884070,10
732884080,9
732884090,9
732884100,9
732884110,9
732884120,9
732884130,10
732884140,10
732884150,9
732884160,9
732884170,9
732884180,9
732884190,9
732884200,9
732884210,9
732884220,9
732884230,10
732884240,10
732884250,10
732884260,10
732884270,10
732884280,9
732884290,9
732884300,9
732884310,8
732884320,8
732884330,8
732884340,8
732884350,8
732884360,8
732884370,8
732884380,8
732884390,8
732884400,8
732884410,8
732884420,7
732884430,6
732884440,6
732884450,6
732884460,6
732884470,6
732884480,6
732884490,6
732884500,6
732884510,7
732884520,7
732884530,8
732884540,8
732884550,7
732884560,7
732884570,7
732884580,7
732884590,6
732884600,7
732884610,7
732884620,7
732884630,8
732884640,8
732884650,7
732884660,7
732884670,7
732884680,8
732884690,8
732884700,8
732884710,8
732884720,7
732884730,7
732884740,7
732884750,7
732884760,6
732884770,6
732884780,6
732884790,6
732884800,6
732884900,6
732884910,6
732884920,7
732884930,7
732884940,7
732884950,7
732884960,8
732884970,8
732884980,8
732884990,8
732885000,9
732885010,9
732885020,9
732885030,8
732885040,8
732885050,8
732885060,8
732885070,8
732885080,8
732885090,7
732885100,7
732885110,7
732885120,7
732885130,7
732885140,7
732885150,6
732885160,6
732885170,7
732885180,7
732885190,7
732885200,7
732885210,7
732885220,7
732885230,6
732885240,6
732885250,7
732885260,7
732885270,7
732885280,7
732885290,7
732885300,8
732885310,8
732885320,8
732885330,7
732885340,7
732885350,7
732885360,7
732885370,7
732885380,7
732885390,7
732885400,7
732885410,7
732885420,7
732885430,7
732885440,7
732885450,7
732885460,7
732885470,7
732885480,7
732885490,7
732885500,7
732885510,8
732885520,8
732885530,8
732885540,8
732885550,8
732885560,8
732885570,9
732885580,9
732885590,9
732885600,9
732885610,9
732885620,9
732885630,9
732885640,9
732885650,9
732885660,9
732885670,9
732885680,9
732885690,9
732885700,9
732885710,8
732885720,8
732885730,8
732885740,8
732885750,8
732885760,8
732885770,8
732885780,8
732885790,8
732885800,9
732885810,9
732885820,9
732885830,9
732885840,9
732885850,9
732885860,7
732885870,8
732885880,7
732885890,7
732886040,8
732886050,8
732886060,8
732886070,7
732886080,7
732886090,7
732886100,8
732886110,7
732886170,8
732886180,9
732886190,9
732886200,10
732886210,10
732886220,10
732886230,10
732886240,10
732886250,10
732886260,10
732886270,10
732886280,10
732886290,10
732886300,10
732886310,10
732886320,10
732886330,10
732886340,10
732886350,10
732886360,10
732886370,10
732886380,10
732886390,9
732886530,5
732886540,6
732886550,7
732886560,6
732886570,6
732886580,6
732886590,6
732886600,6
732886610,7
732886620,7
732886630,8
732886640,8
732886650,9
732886660,9
732886670,8
732886680,8
732886690,8
732886700,8
732886710,8
732886720,8
732886730,8
732886740,8
732886750,7
732886760,7
732886770,7
732886780,7
732886790,7
732886800,7
732886810,7
732886820,7
732886830,7
732886840,7
732886850,7
732886860,7
732886870,6
732887330,8
732887340,8
732887350,8
732887360,9
732887370,9
732887380,9
732887390,9
732887400,9
732887410,8
732887500,5
732887530,5
732887540,5
732887580,5
732887600,8
732887610,9
732887620,9
732887630,9
732887640,8
732887650,8
732887660,9
732887670,9
732887680,9
732887690,9
732887700,9
732887710,9
732887720,9
732887730,9
732887740,10
732887750,11
732887760,11
732887770,11
732887780,11
732887790,10
732887800,10
732887810,10
732887820,9
732887830,9
732887840,9
732887850,9
732887860,9
732887870,8
732887880,8
732887890,8
732887900,8
732887910,8
732887920,8
732887930,8
732887940,8
732887950,8
732887960,8
732887970,9
732887980,9
732887990,9
